text,tokens,labels,rationales
"Antes de volver al Sur para esperar el nacimiento de su tercer nieto , la ex presidenta Cristina Fernández de Kirchner encabezó un acto en la Universidad Nacional de Quilmes ( UNQ ) , donde se mostró acompañada por el ex gobernador bonaerense , Daniel Scioli .","['Antes', 'de', 'volver', 'al', 'Sur', 'para', 'esperar', 'el', 'nacimiento', 'de', 'su', 'tercer', 'nieto', ',', 'la', 'ex', 'presidenta', 'Cristina', 'Fernández', 'de', 'Kirchner', 'encabezó', 'un', 'acto', 'en', 'la', 'Universidad', 'Nacional', 'de', 'Quilmes', '(', 'UNQ', ')', ',', 'donde', 'se', 'mostró', 'acompañada', 'por', 'el', 'ex', 'gobernador', 'bonaerense', ',', 'Daniel', 'Scioli', '.']","['O', 'O', 'O', 'O', 'O', 'O', 'O', 'O', 'O', 'O', 'O', 'O', 'O', 'O', 'O', 'B-organizer', 'I-organizer', 'I-organizer', 'I-organizer', 'I-organizer', 'I-organizer', 'O', 'O', 'B-trigger', 'B-fname', 'I-fname', 'I-fname', 'I-fname', 'I-fname', 'I-fname', 'O', 'B-fname', 'O', 'O', 'O', 'O', 'O', 'O', 'O', 'O', 'B-participant', 'I-participant', 'O', 'O', 'B-participant', 'I-participant', 'O']","[0, 0, 0, 0, 0, 0, 0, 0, 0, 0, 0, 0, 0, 0, 0, 0, 0, 0, 0, 0, 0, 0, 0, 1, 0, 0, 0, 0, 0, 0, 0, 0, 0, 0, 0, 0, 0, 0, 0, 0, 0, 0, 0, 0, 0, 0, 0]"
"El acto , en el que la ex Presidenta recibió los títulos Honoris Causa de las Universidades de Quilmes y de Avellaneda , fue el primero , desde la campaña del año pasado , que Cristina comparte con Scioli .","['El', 'acto', ',', 'en', 'el', 'que', 'la', 'ex', 'Presidenta', 'recibió', 'los', 'títulos', 'Honoris', 'Causa', 'de', 'las', 'Universidades', 'de', 'Quilmes', 'y', 'de', 'Avellaneda', ',', 'fue', 'el', 'primero', ',', 'desde', 'la', 'campaña', 'del', 'año', 'pasado', ',', 'que', 'Cristina', 'comparte', 'con', 'Scioli', '.']","['O', 'B-trigger', 'O', 'O', 'O', 'O', 'O', 'B-organizer', 'I-organizer', 'O', 'O', 'O', 'O', 'O', 'O', 'O', 'O', 'O', 'O', 'O', 'O', 'O', 'O', 'O', 'O', 'O', 'O', 'O', 'O', 'O', 'O', 'O', 'O', 'O', 'O', 'O', 'O', 'O', 'O', 'O']","[0, 1, 0, 0, 0, 0, 0, 0, 0, 0, 0, 0, 0, 0, 0, 0, 0, 0, 0, 0, 0, 0, 0, 0, 0, 0, 0, 0, 0, 0, 0, 0, 0, 0, 0, 0, 0, 0, 0, 0]"
"Los ruralistas llevarán el documento de 21 puntos que presentaron para justificar su último lockout , del 28 de agosto al 4 de septiembre .","['Los', 'ruralistas', 'llevarán', 'el', 'documento', 'de', '21', 'puntos', 'que', 'presentaron', 'para', 'justificar', 'su', 'último', 'lockout', ',', 'del', '28', 'de', 'agosto', 'al', '4', 'de', 'septiembre', '.']","['O', 'B-participant', 'O', 'O', 'O', 'O', 'O', 'O', 'O', 'O', 'O', 'O', 'O', 'O', 'B-trigger', 'O', 'O', 'B-etime', 'I-etime', 'I-etime', 'O', 'B-etime', 'I-etime', 'I-etime', 'O']","[0, 0, 0, 0, 0, 0, 0, 0, 0, 0, 0, 0, 0, 0, 1, 0, 0, 0, 0, 0, 0, 0, 0, 0, 0]"
"El presidente Néstor Kirchner repudió esta tarde la violenta represión contra docentes en Neuquén , que provocó la muerte del profesor Carlos Fuentealba , al tiempo que rechazó que la protesta haya sido consecuencia del aumento a maestros otorgado por el Gobierno nacional .","['El', 'presidente', 'Néstor', 'Kirchner', 'repudió', 'esta', 'tarde', 'la', 'violenta', 'represión', 'contra', 'docentes', 'en', 'Neuquén', ',', 'que', 'provocó', 'la', 'muerte', 'del', 'profesor', 'Carlos', 'Fuentealba', ',', 'al', 'tiempo', 'que', 'rechazó', 'que', 'la', 'protesta', 'haya', 'sido', 'consecuencia', 'del', 'aumento', 'a', 'maestros', 'otorgado', 'por', 'el', 'Gobierno', 'nacional', '.']","['O', 'O', 'O', 'O', 'O', 'O', 'O', 'O', 'O', 'O', 'O', 'B-participant', 'O', 'B-place', 'O', 'O', 'O', 'O', 'O', 'O', 'B-participant', 'I-participant', 'I-participant', 'O', 'O', 'O', 'O', 'O', 'O', 'O', 'B-trigger', 'O', 'O', 'O', 'O', 'O', 'O', 'B-participant', 'O', 'O', 'O', 'O', 'O', 'O']","[0, 0, 0, 0, 0, 0, 0, 0, 0, 0, 0, 0, 0, 0, 0, 0, 0, 0, 0, 0, 0, 0, 0, 0, 0, 0, 0, 0, 0, 0, 1, 0, 0, 0, 0, 0, 0, 0, 0, 0, 0, 0, 0, 0]"
"El mandatario provincial admitió haber dado la orden para despejar la ruta en la que protestaban los docentes , medida que desencadenó la violenta represión que provocó la muerte de Fuentealba .","['El', 'mandatario', 'provincial', 'admitió', 'haber', 'dado', 'la', 'orden', 'para', 'despejar', 'la', 'ruta', 'en', 'la', 'que', 'protestaban', 'los', 'docentes', ',', 'medida', 'que', 'desencadenó', 'la', 'violenta', 'represión', 'que', 'provocó', 'la', 'muerte', 'de', 'Fuentealba', '.']","['O', 'O', 'O', 'O', 'O', 'O', 'O', 'O', 'O', 'O', 'B-fname', 'I-fname', 'O', 'O', 'O', 'B-trigger', 'O', 'B-participant', 'O', 'O', 'O', 'O', 'O', 'O', 'O', 'O', 'O', 'O', 'O', 'O', 'B-participant', 'O']","[0, 0, 0, 0, 0, 0, 0, 0, 0, 0, 0, 0, 0, 0, 0, 1, 0, 0, 0, 0, 0, 0, 0, 0, 0, 0, 0, 0, 0, 0, 0, 0]"
"Después del sepelio , un grupo de jóvenes pidió justicia en el Centro de la ciudad .","['Después', 'del', 'sepelio', ',', 'un', 'grupo', 'de', 'jóvenes', 'pidió', 'justicia', 'en', 'el', 'Centro', 'de', 'la', 'ciudad', '.']","['O', 'O', 'O', 'O', 'O', 'O', 'O', 'B-participant', 'B-trigger', 'I-trigger', 'O', 'O', 'O', 'O', 'O', 'O', 'O']","[0, 0, 0, 0, 0, 0, 0, 0, 1, 1, 0, 0, 0, 0, 0, 0, 0]"
"La hija del policía acusado fue al entierro de la víctima El día después del asesinato de Lucas Rotella ( 19 ) , a manos de un policía de la Bonaerense , decenas de amigos acompañaron el cortejo fúnebre en sus motos por las calles de Baradero y pidieron justicia .","['La', 'hija', 'del', 'policía', 'acusado', 'fue', 'al', 'entierro', 'de', 'la', 'víctima', 'El', 'día', 'después', 'del', 'asesinato', 'de', 'Lucas', 'Rotella', '(', '19', ')', ',', 'a', 'manos', 'de', 'un', 'policía', 'de', 'la', 'Bonaerense', ',', 'decenas', 'de', 'amigos', 'acompañaron', 'el', 'cortejo', 'fúnebre', 'en', 'sus', 'motos', 'por', 'las', 'calles', 'de', 'Baradero', 'y', 'pidieron', 'justicia', '.']","['O', 'O', 'O', 'O', 'O', 'O', 'O', 'O', 'O', 'O', 'O', 'O', 'O', 'O', 'O', 'O', 'O', 'O', 'O', 'O', 'O', 'O', 'O', 'O', 'O', 'O', 'O', 'O', 'O', 'O', 'O', 'O', 'O', 'O', 'B-participant', 'B-trigger', 'O', 'B-trigger', 'I-trigger', 'O', 'O', 'O', 'B-fname', 'I-fname', 'I-fname', 'O', 'B-place', 'O', 'B-trigger', 'I-trigger', 'O']","[0, 0, 0, 0, 0, 0, 0, 0, 0, 0, 0, 0, 0, 0, 0, 0, 0, 0, 0, 0, 0, 0, 0, 0, 0, 0, 0, 0, 0, 0, 0, 0, 0, 0, 0, 1, 0, 1, 1, 0, 0, 0, 0, 0, 0, 0, 0, 0, 1, 1, 0]"
La noche del sábado hubo algunos incidentes frente a la comisaría local y en la mañana del domingo llegaron a esta ciudad algunos camiones con efectivos de Infantería .,"['La', 'noche', 'del', 'sábado', 'hubo', 'algunos', 'incidentes', 'frente', 'a', 'la', 'comisaría', 'local', 'y', 'en', 'la', 'mañana', 'del', 'domingo', 'llegaron', 'a', 'esta', 'ciudad', 'algunos', 'camiones', 'con', 'efectivos', 'de', 'Infantería', '.']","['B-etime', 'I-etime', 'I-etime', 'I-etime', 'O', 'O', 'B-trigger', 'B-fname', 'I-fname', 'I-fname', 'I-fname', 'O', 'O', 'O', 'O', 'O', 'O', 'O', 'O', 'O', 'O', 'O', 'O', 'O', 'O', 'O', 'O', 'O', 'O']","[0, 0, 0, 0, 0, 0, 1, 0, 0, 0, 0, 0, 0, 0, 0, 0, 0, 0, 0, 0, 0, 0, 0, 0, 0, 0, 0, 0, 0]"
"Sin embargo , el corte de una calle del Centro que hicieron ayer los amigos de Rotella tras el velorio , fue pacífico y la Policía acordonó la zona pero se quedó a dos cuadras del lugar .","['Sin', 'embargo', ',', 'el', 'corte', 'de', 'una', 'calle', 'del', 'Centro', 'que', 'hicieron', 'ayer', 'los', 'amigos', 'de', 'Rotella', 'tras', 'el', 'velorio', ',', 'fue', 'pacífico', 'y', 'la', 'Policía', 'acordonó', 'la', 'zona', 'pero', 'se', 'quedó', 'a', 'dos', 'cuadras', 'del', 'lugar', '.']","['O', 'O', 'O', 'O', 'B-trigger', 'B-fname', 'I-fname', 'I-fname', 'O', 'O', 'O', 'O', 'B-etime', 'O', 'B-participant', 'O', 'O', 'O', 'O', 'O', 'O', 'O', 'O', 'O', 'O', 'O', 'O', 'O', 'O', 'O', 'O', 'O', 'O', 'O', 'O', 'O', 'O', 'O']","[0, 0, 0, 0, 1, 0, 0, 0, 0, 0, 0, 0, 0, 0, 0, 0, 0, 0, 0, 0, 0, 0, 0, 0, 0, 0, 0, 0, 0, 0, 0, 0, 0, 0, 0, 0, 0, 0]"
Después se acercó hasta donde estaban cortando la calle .,"['Después', 'se', 'acercó', 'hasta', 'donde', 'estaban', 'cortando', 'la', 'calle', '.']","['O', 'O', 'O', 'O', 'O', 'O', 'B-trigger', 'B-fname', 'I-fname', 'O']","[0, 0, 0, 0, 0, 0, 1, 0, 0, 0]"
"“ Incluso había amenazado con el arma a otro pibe , pero tuvieron que esperar a que matara a alguien ” , explicó ayer un joven que participaba del corte .","['“', 'Incluso', 'había', 'amenazado', 'con', 'el', 'arma', 'a', 'otro', 'pibe', ',', 'pero', 'tuvieron', 'que', 'esperar', 'a', 'que', 'matara', 'a', 'alguien', '”', ',', 'explicó', 'ayer', 'un', 'joven', 'que', 'participaba', 'del', 'corte', '.']","['O', 'O', 'O', 'O', 'O', 'O', 'O', 'O', 'O', 'O', 'O', 'O', 'O', 'O', 'O', 'O', 'O', 'O', 'O', 'O', 'O', 'O', 'O', 'B-etime', 'O', 'B-participant', 'O', 'O', 'O', 'B-trigger', 'O']","[0, 0, 0, 0, 0, 0, 0, 0, 0, 0, 0, 0, 0, 0, 0, 0, 0, 0, 0, 0, 0, 0, 0, 0, 0, 0, 0, 0, 0, 1, 0]"
"Ayer a la tarde , después de las 15 , los jóvenes habían cruzado sus motos en una de las calles que rodean la Plaza Mitre y no pensaban sacarlas pronto .","['Ayer', 'a', 'la', 'tarde', ',', 'después', 'de', 'las', '15', ',', 'los', 'jóvenes', 'habían', 'cruzado', 'sus', 'motos', 'en', 'una', 'de', 'las', 'calles', 'que', 'rodean', 'la', 'Plaza', 'Mitre', 'y', 'no', 'pensaban', 'sacarlas', 'pronto', '.']","['B-etime', 'I-etime', 'I-etime', 'I-etime', 'O', 'B-etime', 'I-etime', 'I-etime', 'I-etime', 'O', 'O', 'B-participant', 'O', 'B-trigger', 'I-trigger', 'I-trigger', 'B-fname', 'I-fname', 'I-fname', 'I-fname', 'I-fname', 'O', 'O', 'O', 'O', 'O', 'O', 'O', 'O', 'O', 'O', 'O']","[0, 0, 0, 0, 0, 0, 0, 0, 0, 0, 0, 0, 0, 1, 1, 1, 0, 0, 0, 0, 0, 0, 0, 0, 0, 0, 0, 0, 0, 0, 0, 0]"
Incluso una solicitud virtual para realizar el traslado recolectó más de 420.000 firmas de todo el mundo .,"['Incluso', 'una', 'solicitud', 'virtual', 'para', 'realizar', 'el', 'traslado', 'recolectó', 'más', 'de', '420.000', 'firmas', 'de', 'todo', 'el', 'mundo', '.']","['O', 'O', 'B-trigger', 'I-trigger', 'O', 'O', 'O', 'O', 'O', 'O', 'O', 'O', 'O', 'O', 'O', 'O', 'O', 'O']","[0, 0, 1, 1, 0, 0, 0, 0, 0, 0, 0, 0, 0, 0, 0, 0, 0, 0]"
Los cacerolazos del jueves se sintieron muy fuerte en la Rosada .,"['Los', 'cacerolazos', 'del', 'jueves', 'se', 'sintieron', 'muy', 'fuerte', 'en', 'la', 'Rosada', '.']","['O', 'B-trigger', 'O', 'B-etime', 'O', 'O', 'O', 'O', 'B-fname', 'I-fname', 'I-fname', 'O']","[0, 1, 0, 0, 0, 0, 0, 0, 0, 0, 0, 0]"
"Mientras hablaba , miraba cómo , a lo lejos , sobre la Avenida de Mayo , los empleados municipales y personal de las empresas de recolección de residuos levantaban los rastros de los disturbios de la noche del jueves .","['Mientras', 'hablaba', ',', 'miraba', 'cómo', ',', 'a', 'lo', 'lejos', ',', 'sobre', 'la', 'Avenida', 'de', 'Mayo', ',', 'los', 'empleados', 'municipales', 'y', 'personal', 'de', 'las', 'empresas', 'de', 'recolección', 'de', 'residuos', 'levantaban', 'los', 'rastros', 'de', 'los', 'disturbios', 'de', 'la', 'noche', 'del', 'jueves', '.']","['O', 'O', 'O', 'O', 'O', 'O', 'O', 'O', 'O', 'O', 'B-fname', 'I-fname', 'I-fname', 'I-fname', 'I-fname', 'O', 'O', 'O', 'O', 'O', 'O', 'O', 'O', 'O', 'O', 'O', 'O', 'O', 'O', 'O', 'O', 'O', 'O', 'B-trigger', 'B-etime', 'I-etime', 'I-etime', 'I-etime', 'I-etime', 'O']","[0, 0, 0, 0, 0, 0, 0, 0, 0, 0, 0, 0, 0, 0, 0, 0, 0, 0, 0, 0, 0, 0, 0, 0, 0, 0, 0, 0, 0, 0, 0, 0, 0, 1, 0, 0, 0, 0, 0, 0]"
"“ Destacamos tanto la importancia de la cuestión , como la necesidad y urgencia de cubrir la vacancia del tribunal esencial en las resoluciones de la materia electoral en el año de las elecciones presidenciales ” , asegura la carta que fue enviada al presidente Mauricio Macri y que lleva la firma de la diputada de la UCR Carla Carrizo , el constitucionalista Daniel Sabsay y la titular de la Juventud Radical , Luciana Rached .","['“', 'Destacamos', 'tanto', 'la', 'importancia', 'de', 'la', 'cuestión', ',', 'como', 'la', 'necesidad', 'y', 'urgencia', 'de', 'cubrir', 'la', 'vacancia', 'del', 'tribunal', 'esencial', 'en', 'las', 'resoluciones', 'de', 'la', 'materia', 'electoral', 'en', 'el', 'año', 'de', 'las', 'elecciones', 'presidenciales', '”', ',', 'asegura', 'la', 'carta', 'que', 'fue', 'enviada', 'al', 'presidente', 'Mauricio', 'Macri', 'y', 'que', 'lleva', 'la', 'firma', 'de', 'la', 'diputada', 'de', 'la', 'UCR', 'Carla', 'Carrizo', ',', 'el', 'constitucionalista', 'Daniel', 'Sabsay', 'y', 'la', 'titular', 'de', 'la', 'Juventud', 'Radical', ',', 'Luciana', 'Rached', '.']","['O', 'O', 'O', 'O', 'O', 'O', 'O', 'O', 'O', 'O', 'O', 'O', 'O', 'O', 'O', 'O', 'O', 'O', 'O', 'O', 'O', 'O', 'O', 'O', 'O', 'O', 'O', 'O', 'O', 'O', 'O', 'O', 'O', 'O', 'O', 'O', 'O', 'O', 'O', 'B-trigger', 'O', 'O', 'O', 'O', 'B-target', 'I-target', 'I-target', 'O', 'O', 'O', 'O', 'O', 'O', 'O', 'B-participant', 'O', 'O', 'B-organizer', 'B-participant', 'I-participant', 'O', 'O', 'B-participant', 'I-participant', 'I-participant', 'O', 'O', 'B-participant', 'O', 'O', 'B-organizer', 'I-organizer', 'O', 'B-participant', 'I-participant', 'O']","[0, 0, 0, 0, 0, 0, 0, 0, 0, 0, 0, 0, 0, 0, 0, 0, 0, 0, 0, 0, 0, 0, 0, 0, 0, 0, 0, 0, 0, 0, 0, 0, 0, 0, 0, 0, 0, 0, 0, 1, 0, 0, 0, 0, 0, 0, 0, 0, 0, 0, 0, 0, 0, 0, 0, 0, 0, 0, 0, 0, 0, 0, 0, 0, 0, 0, 0, 0, 0, 0, 0, 0, 0, 0, 0, 0]"
Justamente por eso encabeza la terna '' La carta enviada al Presidente Mauricio Macri dice : `` Tenemos el honor de dirigirnos a ud para solicitarle reclamar la pronta resolución del asunto de referencia de la presente . '',"['Justamente', 'por', 'eso', 'encabeza', 'la', 'terna', ""''"", 'La', 'carta', 'enviada', 'al', 'Presidente', 'Mauricio', 'Macri', 'dice', ':', '``', 'Tenemos', 'el', 'honor', 'de', 'dirigirnos', 'a', 'ud', 'para', 'solicitarle', 'reclamar', 'la', 'pronta', 'resolución', 'del', 'asunto', 'de', 'referencia', 'de', 'la', 'presente', '.', ""''""]","['O', 'O', 'O', 'O', 'O', 'O', 'O', 'O', 'B-trigger', 'O', 'O', 'B-target', 'I-target', 'I-target', 'O', 'O', 'O', 'O', 'O', 'O', 'O', 'O', 'O', 'O', 'O', 'O', 'O', 'O', 'O', 'O', 'O', 'O', 'O', 'O', 'O', 'O', 'O', 'O', 'O']","[0, 0, 0, 0, 0, 0, 0, 0, 1, 0, 0, 0, 0, 0, 0, 0, 0, 0, 0, 0, 0, 0, 0, 0, 0, 0, 0, 0, 0, 0, 0, 0, 0, 0, 0, 0, 0, 0, 0]"
"`` Quienes peticionamos mediante nuestra firma al pie de esta nota coincidimos en que es vital para la vida institucional argentina que el proceso de designación del magistrado que complete la constitución de la Cámara Nacional Electoral se rija por los valores que la sociedad argentina sostiene de manera transversal , sin distinciones sectoriales , políticas y sociales . ''","['``', 'Quienes', 'peticionamos', 'mediante', 'nuestra', 'firma', 'al', 'pie', 'de', 'esta', 'nota', 'coincidimos', 'en', 'que', 'es', 'vital', 'para', 'la', 'vida', 'institucional', 'argentina', 'que', 'el', 'proceso', 'de', 'designación', 'del', 'magistrado', 'que', 'complete', 'la', 'constitución', 'de', 'la', 'Cámara', 'Nacional', 'Electoral', 'se', 'rija', 'por', 'los', 'valores', 'que', 'la', 'sociedad', 'argentina', 'sostiene', 'de', 'manera', 'transversal', ',', 'sin', 'distinciones', 'sectoriales', ',', 'políticas', 'y', 'sociales', '.', ""''""]","['O', 'O', 'B-trigger', 'O', 'O', 'O', 'O', 'O', 'O', 'O', 'B-trigger', 'O', 'O', 'O', 'O', 'O', 'O', 'O', 'O', 'O', 'O', 'O', 'O', 'O', 'O', 'O', 'O', 'O', 'O', 'O', 'O', 'O', 'O', 'O', 'O', 'O', 'O', 'O', 'O', 'O', 'O', 'O', 'O', 'O', 'O', 'O', 'O', 'O', 'O', 'O', 'O', 'O', 'O', 'O', 'O', 'O', 'O', 'O', 'O', 'O']","[0, 0, 1, 0, 0, 0, 0, 0, 0, 0, 1, 0, 0, 0, 0, 0, 0, 0, 0, 0, 0, 0, 0, 0, 0, 0, 0, 0, 0, 0, 0, 0, 0, 0, 0, 0, 0, 0, 0, 0, 0, 0, 0, 0, 0, 0, 0, 0, 0, 0, 0, 0, 0, 0, 0, 0, 0, 0, 0, 0]"
"`` Con nuestra petición , tratamos de evitar toda duda sobre que al apartarse del orden de la terna -sin sustento técnico y/o profesional- la más alta autoridad nacional estuviera DISCRIMINANDO POR CUESTIÓN DE GÉNERO a la primera nominada de la terna , quien naturalmente tendría que cubrir el cargo vacante . ''","['``', 'Con', 'nuestra', 'petición', ',', 'tratamos', 'de', 'evitar', 'toda', 'duda', 'sobre', 'que', 'al', 'apartarse', 'del', 'orden', 'de', 'la', 'terna', '-sin', 'sustento', 'técnico', 'y/o', 'profesional-', 'la', 'más', 'alta', 'autoridad', 'nacional', 'estuviera', 'DISCRIMINANDO', 'POR', 'CUESTIÓN', 'DE', 'GÉNERO', 'a', 'la', 'primera', 'nominada', 'de', 'la', 'terna', ',', 'quien', 'naturalmente', 'tendría', 'que', 'cubrir', 'el', 'cargo', 'vacante', '.', ""''""]","['O', 'O', 'O', 'B-trigger', 'O', 'O', 'O', 'O', 'O', 'O', 'O', 'O', 'O', 'O', 'O', 'O', 'O', 'O', 'O', 'O', 'O', 'O', 'O', 'O', 'O', 'O', 'O', 'B-target', 'I-target', 'O', 'O', 'O', 'O', 'O', 'O', 'O', 'O', 'O', 'O', 'O', 'O', 'O', 'O', 'O', 'O', 'O', 'O', 'O', 'O', 'O', 'O', 'O', 'O']","[0, 0, 0, 1, 0, 0, 0, 0, 0, 0, 0, 0, 0, 0, 0, 0, 0, 0, 0, 0, 0, 0, 0, 0, 0, 0, 0, 0, 0, 0, 0, 0, 0, 0, 0, 0, 0, 0, 0, 0, 0, 0, 0, 0, 0, 0, 0, 0, 0, 0, 0, 0, 0]"
"La carta es firmada , entre otros por Daniel Sabsay , Alfredo Vitolo , Liliana Gurdulich , Marcela Durrieu , Liliana De Riz , Marita Goñi , Adela Seguí , Lucía Martelotte y Claudia Garavano","['La', 'carta', 'es', 'firmada', ',', 'entre', 'otros', 'por', 'Daniel', 'Sabsay', ',', 'Alfredo', 'Vitolo', ',', 'Liliana', 'Gurdulich', ',', 'Marcela', 'Durrieu', ',', 'Liliana', 'De', 'Riz', ',', 'Marita', 'Goñi', ',', 'Adela', 'Seguí', ',', 'Lucía', 'Martelotte', 'y', 'Claudia', 'Garavano']","['O', 'B-trigger', 'O', 'O', 'O', 'O', 'O', 'O', 'B-participant', 'I-participant', 'O', 'B-participant', 'I-participant', 'O', 'B-participant', 'I-participant', 'O', 'B-participant', 'I-participant', 'O', 'B-participant', 'I-participant', 'I-participant', 'O', 'B-participant', 'I-participant', 'O', 'B-participant', 'I-participant', 'O', 'B-participant', 'I-participant', 'O', 'B-participant', 'I-participant']","[0, 1, 0, 0, 0, 0, 0, 0, 0, 0, 0, 0, 0, 0, 0, 0, 0, 0, 0, 0, 0, 0, 0, 0, 0, 0, 0, 0, 0, 0, 0, 0, 0, 0, 0]"
"El Grupo GAD , la Infantería y la Caballería de la Policía Bonaerense , con respaldo de la Patrulla Urbana y Defensa Civil de Quilmes , avanzaron contra un grupo de 150 familias que habían ocupado un terreno baldío ubicada cerca del cruce de Lamadrid y Camino General Belgrano , perteneciente al Frigorífico Penta .","['El', 'Grupo', 'GAD', ',', 'la', 'Infantería', 'y', 'la', 'Caballería', 'de', 'la', 'Policía', 'Bonaerense', ',', 'con', 'respaldo', 'de', 'la', 'Patrulla', 'Urbana', 'y', 'Defensa', 'Civil', 'de', 'Quilmes', ',', 'avanzaron', 'contra', 'un', 'grupo', 'de', '150', 'familias', 'que', 'habían', 'ocupado', 'un', 'terreno', 'baldío', 'ubicada', 'cerca', 'del', 'cruce', 'de', 'Lamadrid', 'y', 'Camino', 'General', 'Belgrano', ',', 'perteneciente', 'al', 'Frigorífico', 'Penta', '.']","['O', 'O', 'O', 'O', 'O', 'O', 'O', 'O', 'O', 'O', 'O', 'O', 'O', 'O', 'O', 'O', 'O', 'O', 'O', 'O', 'O', 'O', 'O', 'O', 'O', 'O', 'O', 'O', 'O', 'O', 'O', 'O', 'B-participant', 'O', 'O', 'B-trigger', 'O', 'B-fname', 'O', 'O', 'O', 'O', 'O', 'O', 'O', 'O', 'O', 'O', 'O', 'O', 'O', 'O', 'B-target', 'I-target', 'O']","[0, 0, 0, 0, 0, 0, 0, 0, 0, 0, 0, 0, 0, 0, 0, 0, 0, 0, 0, 0, 0, 0, 0, 0, 0, 0, 0, 0, 0, 0, 0, 0, 0, 0, 0, 1, 0, 0, 0, 0, 0, 0, 0, 0, 0, 0, 0, 0, 0, 0, 0, 0, 0, 0, 0]"
"Las familias , en su mayoría parejas jóvenes con niños , habían iniciado la ocupación del predio el lunes en reclamo de una solución habitacional al intendente Martiniano Molina , pero el municipio negó que existieran problemas de vivienda en esos barrios pobres del municipio .","['Las', 'familias', ',', 'en', 'su', 'mayoría', 'parejas', 'jóvenes', 'con', 'niños', ',', 'habían', 'iniciado', 'la', 'ocupación', 'del', 'predio', 'el', 'lunes', 'en', 'reclamo', 'de', 'una', 'solución', 'habitacional', 'al', 'intendente', 'Martiniano', 'Molina', ',', 'pero', 'el', 'municipio', 'negó', 'que', 'existieran', 'problemas', 'de', 'vivienda', 'en', 'esos', 'barrios', 'pobres', 'del', 'municipio', '.']","['O', 'B-participant', 'O', 'O', 'O', 'O', 'O', 'B-participant', 'O', 'O', 'O', 'O', 'O', 'O', 'B-trigger', 'O', 'B-fname', 'O', 'B-etime', 'O', 'O', 'O', 'O', 'O', 'O', 'O', 'B-target', 'I-target', 'I-target', 'O', 'O', 'O', 'B-target', 'O', 'O', 'O', 'O', 'O', 'O', 'O', 'O', 'O', 'O', 'O', 'O', 'O']","[0, 0, 0, 0, 0, 0, 0, 0, 0, 0, 0, 0, 0, 0, 1, 0, 0, 0, 0, 0, 0, 0, 0, 0, 0, 0, 0, 0, 0, 0, 0, 0, 0, 0, 0, 0, 0, 0, 0, 0, 0, 0, 0, 0, 0, 0]"
"Por la tarde , un grupo de mujeres con sus niños en brazos volvieron a ingresar al terreno y realizaron una sentada para evitar que la infantería vuelva a desalojarlas .","['Por', 'la', 'tarde', ',', 'un', 'grupo', 'de', 'mujeres', 'con', 'sus', 'niños', 'en', 'brazos', 'volvieron', 'a', 'ingresar', 'al', 'terreno', 'y', 'realizaron', 'una', 'sentada', 'para', 'evitar', 'que', 'la', 'infantería', 'vuelva', 'a', 'desalojarlas', '.']","['B-etime', 'I-etime', 'I-etime', 'O', 'O', 'O', 'O', 'B-participant', 'O', 'O', 'O', 'O', 'O', 'O', 'O', 'B-trigger', 'B-fname', 'I-fname', 'O', 'O', 'O', 'B-trigger', 'O', 'O', 'O', 'O', 'O', 'O', 'O', 'O', 'O']","[0, 0, 0, 0, 0, 0, 0, 0, 0, 0, 0, 0, 0, 0, 0, 1, 0, 0, 0, 0, 0, 1, 0, 0, 0, 0, 0, 0, 0, 0, 0]"
"El centro de la denuncia era la Unidad Especial de Procedimientos Judiciales ( Uesprojud ) que sacó fotos e individualizó a quienes cortaban la Panamericana en el conflicto de Kraft y que incluso , según sostienen los denunciantes , informó la realización de reuniones en la casa de otro dirigente de Kraft , Ramón Bogado .","['El', 'centro', 'de', 'la', 'denuncia', 'era', 'la', 'Unidad', 'Especial', 'de', 'Procedimientos', 'Judiciales', '(', 'Uesprojud', ')', 'que', 'sacó', 'fotos', 'e', 'individualizó', 'a', 'quienes', 'cortaban', 'la', 'Panamericana', 'en', 'el', 'conflicto', 'de', 'Kraft', 'y', 'que', 'incluso', ',', 'según', 'sostienen', 'los', 'denunciantes', ',', 'informó', 'la', 'realización', 'de', 'reuniones', 'en', 'la', 'casa', 'de', 'otro', 'dirigente', 'de', 'Kraft', ',', 'Ramón', 'Bogado', '.']","['O', 'O', 'O', 'O', 'O', 'O', 'O', 'O', 'O', 'O', 'O', 'O', 'O', 'O', 'O', 'O', 'O', 'O', 'O', 'O', 'O', 'O', 'B-trigger', 'B-fname', 'I-fname', 'O', 'O', 'O', 'O', 'B-target', 'O', 'O', 'O', 'O', 'O', 'O', 'O', 'O', 'O', 'O', 'O', 'O', 'O', 'O', 'O', 'O', 'O', 'O', 'O', 'O', 'O', 'B-target', 'O', 'O', 'O', 'O']","[0, 0, 0, 0, 0, 0, 0, 0, 0, 0, 0, 0, 0, 0, 0, 0, 0, 0, 0, 0, 0, 0, 1, 0, 0, 0, 0, 0, 0, 0, 0, 0, 0, 0, 0, 0, 0, 0, 0, 0, 0, 0, 0, 0, 0, 0, 0, 0, 0, 0, 0, 0, 0, 0, 0, 0]"
"La ministra concluyó que Gendarmería no realizó tareas de inteligencia ilegales , que se individualizaron a los protagonistas del corte de la Panamericana de acuerdo con lo pedido por el juez y que Proyecto X es un software y no un plan secreto de espionaje .","['La', 'ministra', 'concluyó', 'que', 'Gendarmería', 'no', 'realizó', 'tareas', 'de', 'inteligencia', 'ilegales', ',', 'que', 'se', 'individualizaron', 'a', 'los', 'protagonistas', 'del', 'corte', 'de', 'la', 'Panamericana', 'de', 'acuerdo', 'con', 'lo', 'pedido', 'por', 'el', 'juez', 'y', 'que', 'Proyecto', 'X', 'es', 'un', 'software', 'y', 'no', 'un', 'plan', 'secreto', 'de', 'espionaje', '.']","['O', 'O', 'O', 'O', 'O', 'O', 'O', 'O', 'O', 'O', 'O', 'O', 'O', 'O', 'O', 'O', 'O', 'B-participant', 'O', 'B-trigger', 'O', 'B-fname', 'I-fname', 'O', 'O', 'O', 'O', 'O', 'O', 'O', 'O', 'O', 'O', 'O', 'O', 'O', 'O', 'O', 'O', 'O', 'O', 'O', 'O', 'O', 'O', 'O']","[0, 0, 0, 0, 0, 0, 0, 0, 0, 0, 0, 0, 0, 0, 0, 0, 0, 0, 0, 1, 0, 0, 0, 0, 0, 0, 0, 0, 0, 0, 0, 0, 0, 0, 0, 0, 0, 0, 0, 0, 0, 0, 0, 0, 0, 0]"
Lo reveló la jueza que investiga el homicidio de Romina Aguilar .,"['Lo', 'reveló', 'la', 'jueza', 'que', 'investiga', 'el', 'homicidio', 'de', 'Romina', 'Aguilar', '.']","['O', 'O', 'O', 'O', 'O', 'O', 'O', 'B-trigger', 'O', 'B-target', 'I-target', 'O']","[0, 0, 0, 0, 0, 0, 0, 1, 0, 0, 0, 0]"
"El intendente de la localidad puntana de La Calera , Diego Lorenzetti , le dijo a la jueza que investiga el crimen de su mujer que antes del asesinato recibió “ amenazas graves ” vinculadas a su `` actividad política '' pero que no había radicado la denuncia .","['El', 'intendente', 'de', 'la', 'localidad', 'puntana', 'de', 'La', 'Calera', ',', 'Diego', 'Lorenzetti', ',', 'le', 'dijo', 'a', 'la', 'jueza', 'que', 'investiga', 'el', 'crimen', 'de', 'su', 'mujer', 'que', 'antes', 'del', 'asesinato', 'recibió', '“', 'amenazas', 'graves', '”', 'vinculadas', 'a', 'su', '``', 'actividad', 'política', ""''"", 'pero', 'que', 'no', 'había', 'radicado', 'la', 'denuncia', '.']","['O', 'B-target', 'O', 'O', 'O', 'O', 'O', 'O', 'O', 'O', 'B-target', 'I-target', 'O', 'O', 'O', 'O', 'O', 'O', 'O', 'O', 'O', 'O', 'O', 'O', 'B-target', 'O', 'O', 'O', 'B-trigger', 'O', 'O', 'B-trigger', 'O', 'O', 'O', 'O', 'O', 'O', 'O', 'O', 'O', 'O', 'O', 'O', 'O', 'O', 'O', 'O', 'O']","[0, 0, 0, 0, 0, 0, 0, 0, 0, 0, 0, 0, 0, 0, 0, 0, 0, 0, 0, 0, 0, 0, 0, 0, 0, 0, 0, 0, 1, 0, 0, 1, 0, 0, 0, 0, 0, 0, 0, 0, 0, 0, 0, 0, 0, 0, 0, 0, 0]"
Así lo reveló hoy la magistrada Virginia Palacios y consideró que lo dicho por Lorenzetti ( 38 ) `` sería la punta del ovillo '' para iniciar la investigación en torno a la posibilidad de que el homicidio de Romina Aguilar ( 32 ) responda a su labor como intendente de La Calera .,"['Así', 'lo', 'reveló', 'hoy', 'la', 'magistrada', 'Virginia', 'Palacios', 'y', 'consideró', 'que', 'lo', 'dicho', 'por', 'Lorenzetti', '(', '38', ')', '``', 'sería', 'la', 'punta', 'del', 'ovillo', ""''"", 'para', 'iniciar', 'la', 'investigación', 'en', 'torno', 'a', 'la', 'posibilidad', 'de', 'que', 'el', 'homicidio', 'de', 'Romina', 'Aguilar', '(', '32', ')', 'responda', 'a', 'su', 'labor', 'como', 'intendente', 'de', 'La', 'Calera', '.']","['O', 'O', 'O', 'O', 'O', 'O', 'O', 'O', 'O', 'O', 'O', 'O', 'O', 'O', 'O', 'O', 'O', 'O', 'O', 'O', 'O', 'O', 'O', 'O', 'O', 'O', 'O', 'O', 'O', 'O', 'O', 'O', 'O', 'O', 'O', 'O', 'O', 'B-trigger', 'O', 'B-target', 'I-target', 'O', 'O', 'O', 'O', 'O', 'O', 'O', 'O', 'B-target', 'O', 'O', 'O', 'O']","[0, 0, 0, 0, 0, 0, 0, 0, 0, 0, 0, 0, 0, 0, 0, 0, 0, 0, 0, 0, 0, 0, 0, 0, 0, 0, 0, 0, 0, 0, 0, 0, 0, 0, 0, 0, 0, 1, 0, 0, 0, 0, 0, 0, 0, 0, 0, 0, 0, 0, 0, 0, 0, 0]"
`` Dice que había recibido amenazas pero no lo tenemos constatado de manera fehaciente .,"['``', 'Dice', 'que', 'había', 'recibido', 'amenazas', 'pero', 'no', 'lo', 'tenemos', 'constatado', 'de', 'manera', 'fehaciente', '.']","['O', 'O', 'O', 'O', 'O', 'B-trigger', 'O', 'O', 'O', 'O', 'O', 'O', 'O', 'O', 'O']","[0, 0, 0, 0, 0, 1, 0, 0, 0, 0, 0, 0, 0, 0, 0]"
( Declaró ) que las amenazas habían tenido que ver con su actividad política .,"['(', 'Declaró', ')', 'que', 'las', 'amenazas', 'habían', 'tenido', 'que', 'ver', 'con', 'su', 'actividad', 'política', '.']","['O', 'O', 'O', 'O', 'O', 'B-trigger', 'O', 'O', 'O', 'O', 'O', 'O', 'O', 'O', 'O']","[0, 0, 0, 0, 0, 1, 0, 0, 0, 0, 0, 0, 0, 0, 0]"
Leé también : `` Asesinan a tiros a la esposa de un intendente y creen que fue por encargo '' .,"['Leé', 'también', ':', '``', 'Asesinan', 'a', 'tiros', 'a', 'la', 'esposa', 'de', 'un', 'intendente', 'y', 'creen', 'que', 'fue', 'por', 'encargo', ""''"", '.']","['O', 'O', 'O', 'O', 'B-trigger', 'O', 'O', 'O', 'O', 'B-target', 'O', 'O', 'B-target', 'O', 'O', 'O', 'O', 'O', 'O', 'O', 'O']","[0, 0, 0, 0, 1, 0, 0, 0, 0, 0, 0, 0, 0, 0, 0, 0, 0, 0, 0, 0, 0]"
"`` El abogado del señor me comunicó hoy que había recibido una amenaza hace veinte días y que eran de un número ( telefónico ) privado , de una voz de sexo masculino , y por un breve período de tiempo '' , precisó la jueza .","['``', 'El', 'abogado', 'del', 'señor', 'me', 'comunicó', 'hoy', 'que', 'había', 'recibido', 'una', 'amenaza', 'hace', 'veinte', 'días', 'y', 'que', 'eran', 'de', 'un', 'número', '(', 'telefónico', ')', 'privado', ',', 'de', 'una', 'voz', 'de', 'sexo', 'masculino', ',', 'y', 'por', 'un', 'breve', 'período', 'de', 'tiempo', ""''"", ',', 'precisó', 'la', 'jueza', '.']","['O', 'O', 'O', 'O', 'B-target', 'O', 'O', 'O', 'O', 'O', 'O', 'O', 'B-trigger', 'B-etime', 'I-etime', 'I-etime', 'O', 'O', 'O', 'O', 'O', 'O', 'O', 'O', 'O', 'O', 'O', 'O', 'O', 'O', 'O', 'O', 'O', 'O', 'O', 'O', 'O', 'O', 'O', 'O', 'O', 'O', 'O', 'O', 'O', 'O', 'O']","[0, 0, 0, 0, 0, 0, 0, 0, 0, 0, 0, 0, 1, 0, 0, 0, 0, 0, 0, 0, 0, 0, 0, 0, 0, 0, 0, 0, 0, 0, 0, 0, 0, 0, 0, 0, 0, 0, 0, 0, 0, 0, 0, 0, 0, 0, 0]"
"El crimen de Aguilar fue cometido el sábado pasado a la mañana , en la puerta de la casa 1 de la manzana 78 del barrio FAECAP , en el norte de la ciudad de San Luis , donde la mujer residía junto a su esposo e hijos .","['El', 'crimen', 'de', 'Aguilar', 'fue', 'cometido', 'el', 'sábado', 'pasado', 'a', 'la', 'mañana', ',', 'en', 'la', 'puerta', 'de', 'la', 'casa', '1', 'de', 'la', 'manzana', '78', 'del', 'barrio', 'FAECAP', ',', 'en', 'el', 'norte', 'de', 'la', 'ciudad', 'de', 'San', 'Luis', ',', 'donde', 'la', 'mujer', 'residía', 'junto', 'a', 'su', 'esposo', 'e', 'hijos', '.']","['O', 'B-trigger', 'O', 'B-target', 'O', 'O', 'O', 'B-etime', 'I-etime', 'I-etime', 'I-etime', 'I-etime', 'O', 'B-fname', 'I-fname', 'I-fname', 'I-fname', 'I-fname', 'I-fname', 'O', 'O', 'O', 'O', 'O', 'O', 'O', 'O', 'O', 'O', 'O', 'O', 'O', 'O', 'O', 'O', 'B-place', 'I-place', 'O', 'O', 'O', 'B-target', 'O', 'O', 'O', 'O', 'B-target', 'O', 'O', 'O']","[0, 1, 0, 0, 0, 0, 0, 0, 0, 0, 0, 0, 0, 0, 0, 0, 0, 0, 0, 0, 0, 0, 0, 0, 0, 0, 0, 0, 0, 0, 0, 0, 0, 0, 0, 0, 0, 0, 0, 0, 0, 0, 0, 0, 0, 0, 0, 0, 0]"
"Los agresores la tomaron de la ropa , la arrastraron unos diez metros por el suelo , le dispararon dos balazos calibre .45 , y escaparon en el mismo rodado en el que llegaron y sin robar nada .","['Los', 'agresores', 'la', 'tomaron', 'de', 'la', 'ropa', ',', 'la', 'arrastraron', 'unos', 'diez', 'metros', 'por', 'el', 'suelo', ',', 'le', 'dispararon', 'dos', 'balazos', 'calibre', '.45', ',', 'y', 'escaparon', 'en', 'el', 'mismo', 'rodado', 'en', 'el', 'que', 'llegaron', 'y', 'sin', 'robar', 'nada', '.']","['O', 'B-participant', 'O', 'B-trigger', 'I-trigger', 'I-trigger', 'I-trigger', 'O', 'O', 'B-trigger', 'O', 'O', 'O', 'O', 'O', 'O', 'O', 'O', 'B-trigger', 'O', 'O', 'O', 'O', 'O', 'O', 'O', 'O', 'O', 'O', 'O', 'O', 'O', 'O', 'O', 'O', 'O', 'O', 'O', 'O']","[0, 0, 0, 1, 1, 1, 1, 0, 0, 1, 0, 0, 0, 0, 0, 0, 0, 0, 1, 0, 0, 0, 0, 0, 0, 0, 0, 0, 0, 0, 0, 0, 0, 0, 0, 0, 0, 0, 0]"
Desde ese sitio tomó impulso un cacerolazo que se concretó hace diez días .,"['Desde', 'ese', 'sitio', 'tomó', 'impulso', 'un', 'cacerolazo', 'que', 'se', 'concretó', 'hace', 'diez', 'días', '.']","['O', 'O', 'O', 'O', 'O', 'O', 'B-trigger', 'O', 'O', 'O', 'B-etime', 'I-etime', 'I-etime', 'O']","[0, 0, 0, 0, 0, 0, 1, 0, 0, 0, 0, 0, 0, 0]"
"Así como los comerciantes durante el mes pasado cortaron Corrientes en varias oportunidades , esta vez fueron los propios manteros los que bloquearon la avenida en protesta por el operativo que les impidió instalarse sobre la peatonal .","['Así', 'como', 'los', 'comerciantes', 'durante', 'el', 'mes', 'pasado', 'cortaron', 'Corrientes', 'en', 'varias', 'oportunidades', ',', 'esta', 'vez', 'fueron', 'los', 'propios', 'manteros', 'los', 'que', 'bloquearon', 'la', 'avenida', 'en', 'protesta', 'por', 'el', 'operativo', 'que', 'les', 'impidió', 'instalarse', 'sobre', 'la', 'peatonal', '.']","['O', 'O', 'O', 'B-participant', 'O', 'O', 'B-etime', 'I-etime', 'B-trigger', 'B-fname', 'O', 'O', 'O', 'O', 'O', 'O', 'O', 'O', 'O', 'B-participant', 'O', 'O', 'B-trigger', 'O', 'B-fname', 'O', 'B-trigger', 'O', 'O', 'O', 'O', 'O', 'O', 'O', 'O', 'O', 'O', 'O']","[0, 0, 0, 0, 0, 0, 0, 0, 1, 0, 0, 0, 0, 0, 0, 0, 0, 0, 0, 0, 0, 0, 1, 0, 0, 0, 1, 0, 0, 0, 0, 0, 0, 0, 0, 0, 0, 0]"
"El corte duró desde las 15.20 hasta las 16.50 , aproximadamente .","['El', 'corte', 'duró', 'desde', 'las', '15.20', 'hasta', 'las', '16.50', ',', 'aproximadamente', '.']","['O', 'B-trigger', 'O', 'O', 'O', 'B-etime', 'O', 'O', 'B-etime', 'O', 'O', 'O']","[0, 1, 0, 0, 0, 0, 0, 0, 0, 0, 0, 0]"
"Los manteros se tiraron sobre la calzada con cruces negras , simulando estar en tumbas .","['Los', 'manteros', 'se', 'tiraron', 'sobre', 'la', 'calzada', 'con', 'cruces', 'negras', ',', 'simulando', 'estar', 'en', 'tumbas', '.']","['O', 'B-participant', 'B-trigger', 'I-trigger', 'I-trigger', 'I-trigger', 'I-trigger', 'O', 'O', 'O', 'O', 'B-trigger', 'I-trigger', 'I-trigger', 'I-trigger', 'O']","[0, 0, 1, 1, 1, 1, 1, 0, 0, 0, 0, 1, 1, 1, 1, 0]"
La interrupción complicó el tránsito en el Centro .,"['La', 'interrupción', 'complicó', 'el', 'tránsito', 'en', 'el', 'Centro', '.']","['O', 'B-trigger', 'O', 'O', 'O', 'O', 'O', 'O', 'O']","[0, 1, 0, 0, 0, 0, 0, 0, 0]"
"Luego , levantaron el corte , pero marcharon a lo largo de toda lapeatonal , donde tenían pensado acampar .","['Luego', ',', 'levantaron', 'el', 'corte', ',', 'pero', 'marcharon', 'a', 'lo', 'largo', 'de', 'toda', 'lapeatonal', ',', 'donde', 'tenían', 'pensado', 'acampar', '.']","['O', 'O', 'O', 'O', 'B-trigger', 'O', 'O', 'B-trigger', 'B-fname', 'I-fname', 'I-fname', 'I-fname', 'I-fname', 'I-fname', 'O', 'O', 'O', 'O', 'O', 'O']","[0, 0, 0, 0, 1, 0, 0, 1, 0, 0, 0, 0, 0, 0, 0, 0, 0, 0, 0, 0]"
El Centro de Industriales Panaderos de Esteban Echeverría se movilizó ayer a la tarde junto con algunos vecinos a la comisaría para pedir seguridad y el esclarecimiento del caso .,"['El', 'Centro', 'de', 'Industriales', 'Panaderos', 'de', 'Esteban', 'Echeverría', 'se', 'movilizó', 'ayer', 'a', 'la', 'tarde', 'junto', 'con', 'algunos', 'vecinos', 'a', 'la', 'comisaría', 'para', 'pedir', 'seguridad', 'y', 'el', 'esclarecimiento', 'del', 'caso', '.']","['O', 'B-organizer', 'I-organizer', 'I-organizer', 'I-organizer', 'O', 'B-place', 'I-place', 'B-trigger', 'I-trigger', 'B-etime', 'I-etime', 'I-etime', 'I-etime', 'O', 'O', 'O', 'B-participant', 'B-fname', 'I-fname', 'I-fname', 'O', 'O', 'O', 'O', 'O', 'O', 'O', 'O', 'O']","[0, 0, 0, 0, 0, 0, 0, 0, 1, 1, 0, 0, 0, 0, 0, 0, 0, 0, 0, 0, 0, 0, 0, 0, 0, 0, 0, 0, 0, 0]"
"La protesta comenzará el viernes a las catorce y se mantendrá hasta el domingo a las seis de la tarde , en Arroyo Verde , el mismo lugar donde se realizaron los cortes durante el verano .","['La', 'protesta', 'comenzará', 'el', 'viernes', 'a', 'las', 'catorce', 'y', 'se', 'mantendrá', 'hasta', 'el', 'domingo', 'a', 'las', 'seis', 'de', 'la', 'tarde', ',', 'en', 'Arroyo', 'Verde', ',', 'el', 'mismo', 'lugar', 'donde', 'se', 'realizaron', 'los', 'cortes', 'durante', 'el', 'verano', '.']","['O', 'O', 'O', 'O', 'O', 'O', 'O', 'O', 'O', 'O', 'O', 'O', 'O', 'O', 'O', 'O', 'O', 'O', 'O', 'O', 'O', 'O', 'B-place', 'I-place', 'O', 'O', 'O', 'O', 'O', 'O', 'O', 'O', 'B-trigger', 'O', 'O', 'B-etime', 'O']","[0, 0, 0, 0, 0, 0, 0, 0, 0, 0, 0, 0, 0, 0, 0, 0, 0, 0, 0, 0, 0, 0, 0, 0, 0, 0, 0, 0, 0, 0, 0, 0, 1, 0, 0, 0, 0]"
"Se refería al acuerdo salarial alcanzado por gobierno y gremios docentes , que se firmó cuando retomaron las clases después de un prolongado plan de lucha que incluyó 17 paros .","['Se', 'refería', 'al', 'acuerdo', 'salarial', 'alcanzado', 'por', 'gobierno', 'y', 'gremios', 'docentes', ',', 'que', 'se', 'firmó', 'cuando', 'retomaron', 'las', 'clases', 'después', 'de', 'un', 'prolongado', 'plan', 'de', 'lucha', 'que', 'incluyó', '17', 'paros', '.']","['O', 'O', 'O', 'O', 'O', 'O', 'O', 'B-target', 'O', 'B-organizer', 'I-organizer', 'O', 'O', 'O', 'O', 'O', 'O', 'O', 'O', 'O', 'O', 'O', 'O', 'O', 'O', 'O', 'O', 'O', 'O', 'B-trigger', 'O']","[0, 0, 0, 0, 0, 0, 0, 0, 0, 0, 0, 0, 0, 0, 0, 0, 0, 0, 0, 0, 0, 0, 0, 0, 0, 0, 0, 0, 0, 1, 0]"
"Como en su momento informó otra fuente diplomática a Clarín , los dos gobiernos buscan explorar en el corto plazo un mecanismo jurídico complementario que los ayude a encontrar una forma a las diferencias sobre el atentado a la AMIA , que mantiene las relaciones bilaterales al nivel de encargado de negocios .","['Como', 'en', 'su', 'momento', 'informó', 'otra', 'fuente', 'diplomática', 'a', 'Clarín', ',', 'los', 'dos', 'gobiernos', 'buscan', 'explorar', 'en', 'el', 'corto', 'plazo', 'un', 'mecanismo', 'jurídico', 'complementario', 'que', 'los', 'ayude', 'a', 'encontrar', 'una', 'forma', 'a', 'las', 'diferencias', 'sobre', 'el', 'atentado', 'a', 'la', 'AMIA', ',', 'que', 'mantiene', 'las', 'relaciones', 'bilaterales', 'al', 'nivel', 'de', 'encargado', 'de', 'negocios', '.']","['O', 'O', 'O', 'O', 'O', 'O', 'O', 'O', 'O', 'O', 'O', 'O', 'O', 'O', 'O', 'O', 'O', 'O', 'O', 'O', 'O', 'O', 'O', 'O', 'O', 'O', 'O', 'O', 'O', 'O', 'O', 'O', 'O', 'O', 'O', 'O', 'B-trigger', 'B-fname', 'I-fname', 'I-fname', 'O', 'O', 'O', 'O', 'O', 'O', 'O', 'O', 'O', 'O', 'O', 'O', 'O']","[0, 0, 0, 0, 0, 0, 0, 0, 0, 0, 0, 0, 0, 0, 0, 0, 0, 0, 0, 0, 0, 0, 0, 0, 0, 0, 0, 0, 0, 0, 0, 0, 0, 0, 0, 0, 1, 0, 0, 0, 0, 0, 0, 0, 0, 0, 0, 0, 0, 0, 0, 0, 0]"
"La Justicia argentina , a cuya tesis adhiere también el fiscal especial para la causa AMIA designado por el kirchnerismo , Alberto Nisman , considera un grupo de ex y actuales funcionarios iraníes autores intelectuales del atentado terrorista de 1994 , que dejó 85 victimas fatales .","['La', 'Justicia', 'argentina', ',', 'a', 'cuya', 'tesis', 'adhiere', 'también', 'el', 'fiscal', 'especial', 'para', 'la', 'causa', 'AMIA', 'designado', 'por', 'el', 'kirchnerismo', ',', 'Alberto', 'Nisman', ',', 'considera', 'un', 'grupo', 'de', 'ex', 'y', 'actuales', 'funcionarios', 'iraníes', 'autores', 'intelectuales', 'del', 'atentado', 'terrorista', 'de', '1994', ',', 'que', 'dejó', '85', 'victimas', 'fatales', '.']","['O', 'O', 'O', 'O', 'O', 'O', 'O', 'O', 'O', 'O', 'O', 'O', 'O', 'O', 'O', 'O', 'O', 'O', 'O', 'O', 'O', 'O', 'O', 'O', 'O', 'O', 'O', 'O', 'O', 'O', 'O', 'B-participant', 'I-participant', 'O', 'O', 'O', 'B-trigger', 'O', 'O', 'B-etime', 'O', 'O', 'O', 'O', 'O', 'O', 'O']","[0, 0, 0, 0, 0, 0, 0, 0, 0, 0, 0, 0, 0, 0, 0, 0, 0, 0, 0, 0, 0, 0, 0, 0, 0, 0, 0, 0, 0, 0, 0, 0, 0, 0, 0, 0, 1, 0, 0, 0, 0, 0, 0, 0, 0, 0, 0]"
Un juicio sin precedentes comenzará el próximo lunes en Neuquén y podría llevar a quince años de cárcel a una mujer mapuche por haber resistido un desalojo ( solicitado por una petrolera estadounidense ) .,"['Un', 'juicio', 'sin', 'precedentes', 'comenzará', 'el', 'próximo', 'lunes', 'en', 'Neuquén', 'y', 'podría', 'llevar', 'a', 'quince', 'años', 'de', 'cárcel', 'a', 'una', 'mujer', 'mapuche', 'por', 'haber', 'resistido', 'un', 'desalojo', '(', 'solicitado', 'por', 'una', 'petrolera', 'estadounidense', ')', '.']","['O', 'O', 'O', 'O', 'O', 'O', 'O', 'O', 'O', 'B-place', 'O', 'O', 'O', 'O', 'O', 'O', 'O', 'O', 'O', 'O', 'B-participant', 'O', 'O', 'O', 'B-trigger', 'O', 'O', 'O', 'O', 'O', 'O', 'B-target', 'O', 'O', 'O']","[0, 0, 0, 0, 0, 0, 0, 0, 0, 0, 0, 0, 0, 0, 0, 0, 0, 0, 0, 0, 0, 0, 0, 0, 1, 0, 0, 0, 0, 0, 0, 0, 0, 0, 0]"
A Relmu Ñamku se la acusa de haber arrojado una piedra que hirió a una auxiliar judicial .,"['A', 'Relmu', 'Ñamku', 'se', 'la', 'acusa', 'de', 'haber', 'arrojado', 'una', 'piedra', 'que', 'hirió', 'a', 'una', 'auxiliar', 'judicial', '.']","['O', 'B-participant', 'I-participant', 'O', 'O', 'O', 'O', 'O', 'B-trigger', 'I-trigger', 'I-trigger', 'O', 'O', 'O', 'O', 'B-target', 'I-target', 'O']","[0, 0, 0, 0, 0, 0, 0, 0, 1, 1, 1, 0, 0, 0, 0, 0, 0, 0]"
En 2012 la comunidad cerró el paso a la empresa .,"['En', '2012', 'la', 'comunidad', 'cerró', 'el', 'paso', 'a', 'la', 'empresa', '.']","['B-etime', 'I-etime', 'O', 'B-participant', 'B-trigger', 'O', 'O', 'O', 'O', 'B-target', 'O']","[0, 0, 0, 0, 1, 0, 0, 0, 0, 0, 0]"
En abril de ese año una patota vinculada a la petrolera atacó a las familias mapuches .,"['En', 'abril', 'de', 'ese', 'año', 'una', 'patota', 'vinculada', 'a', 'la', 'petrolera', 'atacó', 'a', 'las', 'familias', 'mapuches', '.']","['B-etime', 'I-etime', 'I-etime', 'I-etime', 'I-etime', 'O', 'B-participant', 'O', 'O', 'O', 'B-organizer', 'B-trigger', 'O', 'O', 'B-target', 'I-target', 'O']","[0, 0, 0, 0, 0, 0, 0, 0, 0, 0, 0, 1, 0, 0, 0, 0, 0]"
"Hirió con un disparo de bala a un joven de la comunidad , desfiguró el rostro de una anciana y golpeó a la lonko , Violeta Velázquez , que estaba embarazada .","['Hirió', 'con', 'un', 'disparo', 'de', 'bala', 'a', 'un', 'joven', 'de', 'la', 'comunidad', ',', 'desfiguró', 'el', 'rostro', 'de', 'una', 'anciana', 'y', 'golpeó', 'a', 'la', 'lonko', ',', 'Violeta', 'Velázquez', ',', 'que', 'estaba', 'embarazada', '.']","['O', 'O', 'O', 'B-trigger', 'O', 'O', 'O', 'O', 'B-target', 'O', 'O', 'B-target', 'O', 'B-trigger', 'I-trigger', 'I-trigger', 'O', 'O', 'B-target', 'O', 'B-trigger', 'O', 'O', 'B-target', 'O', 'B-target', 'I-target', 'O', 'O', 'O', 'O', 'O']","[0, 0, 0, 1, 0, 0, 0, 0, 0, 0, 0, 0, 0, 1, 1, 1, 0, 0, 0, 0, 1, 0, 0, 0, 0, 0, 0, 0, 0, 0, 0, 0]"
La máquina casi atropelló a una joven mapuche y la comunidad reaccionó arrojando piedras como forma de frenar el avance petrolero .,"['La', 'máquina', 'casi', 'atropelló', 'a', 'una', 'joven', 'mapuche', 'y', 'la', 'comunidad', 'reaccionó', 'arrojando', 'piedras', 'como', 'forma', 'de', 'frenar', 'el', 'avance', 'petrolero', '.']","['O', 'O', 'O', 'O', 'O', 'O', 'B-participant', 'O', 'O', 'O', 'B-participant', 'O', 'B-trigger', 'I-trigger', 'O', 'O', 'O', 'O', 'O', 'O', 'B-target', 'O']","[0, 0, 0, 0, 0, 0, 0, 0, 0, 0, 0, 0, 1, 1, 0, 0, 0, 0, 0, 0, 0, 0]"
"Pero luego , en acuerdo con el abogado Alvarez , cambió a “ tentativa de homicidio y daño agravado ” , responsabilizó del piedrazo a Ñamku y pidió una pena de quince años de cárcel .","['Pero', 'luego', ',', 'en', 'acuerdo', 'con', 'el', 'abogado', 'Alvarez', ',', 'cambió', 'a', '“', 'tentativa', 'de', 'homicidio', 'y', 'daño', 'agravado', '”', ',', 'responsabilizó', 'del', 'piedrazo', 'a', 'Ñamku', 'y', 'pidió', 'una', 'pena', 'de', 'quince', 'años', 'de', 'cárcel', '.']","['O', 'O', 'O', 'O', 'O', 'O', 'O', 'O', 'O', 'O', 'O', 'O', 'O', 'O', 'O', 'O', 'O', 'O', 'O', 'O', 'O', 'O', 'O', 'B-trigger', 'O', 'B-participant', 'O', 'O', 'O', 'O', 'O', 'O', 'O', 'O', 'O', 'O']","[0, 0, 0, 0, 0, 0, 0, 0, 0, 0, 0, 0, 0, 0, 0, 0, 0, 0, 0, 0, 0, 0, 0, 1, 0, 0, 0, 0, 0, 0, 0, 0, 0, 0, 0, 0]"
El ex titular de la Unión Ferroviaria está acusado de haber instigado el asesinato del militante del Partido Obrero durante una protesta de empleados tercerizados .,"['El', 'ex', 'titular', 'de', 'la', 'Unión', 'Ferroviaria', 'está', 'acusado', 'de', 'haber', 'instigado', 'el', 'asesinato', 'del', 'militante', 'del', 'Partido', 'Obrero', 'durante', 'una', 'protesta', 'de', 'empleados', 'tercerizados', '.']","['O', 'B-participant', 'I-participant', 'O', 'O', 'B-organizer', 'I-organizer', 'O', 'O', 'O', 'O', 'O', 'O', 'B-trigger', 'O', 'B-target', 'O', 'B-organizer', 'I-organizer', 'O', 'O', 'B-trigger', 'O', 'B-participant', 'I-participant', 'O']","[0, 0, 0, 0, 0, 0, 0, 0, 0, 0, 0, 0, 0, 1, 0, 0, 0, 0, 0, 0, 0, 1, 0, 0, 0, 0]"
"El tribunal que juzga el crimen de Mariano Ferreyra escuchó hoy una serie de grabaciones telefónicas que dejaron expuestos los nexos políticos con el gobierno nacional del ex titular de la Unión Ferroviaria José Pedraza , acusado de haber instigado el crimen del militante del Partido Obrero durante una protesta de empleados tercerizados .","['El', 'tribunal', 'que', 'juzga', 'el', 'crimen', 'de', 'Mariano', 'Ferreyra', 'escuchó', 'hoy', 'una', 'serie', 'de', 'grabaciones', 'telefónicas', 'que', 'dejaron', 'expuestos', 'los', 'nexos', 'políticos', 'con', 'el', 'gobierno', 'nacional', 'del', 'ex', 'titular', 'de', 'la', 'Unión', 'Ferroviaria', 'José', 'Pedraza', ',', 'acusado', 'de', 'haber', 'instigado', 'el', 'crimen', 'del', 'militante', 'del', 'Partido', 'Obrero', 'durante', 'una', 'protesta', 'de', 'empleados', 'tercerizados', '.']","['O', 'O', 'O', 'O', 'O', 'B-trigger', 'O', 'B-target', 'I-target', 'O', 'O', 'O', 'O', 'O', 'O', 'O', 'O', 'O', 'O', 'O', 'O', 'O', 'O', 'O', 'O', 'O', 'O', 'B-participant', 'I-participant', 'O', 'O', 'B-organizer', 'I-organizer', 'B-participant', 'I-participant', 'O', 'O', 'O', 'O', 'O', 'O', 'B-trigger', 'O', 'B-target', 'O', 'B-organizer', 'I-organizer', 'O', 'O', 'B-trigger', 'O', 'B-participant', 'I-participant', 'O']","[0, 0, 0, 0, 0, 1, 0, 0, 0, 0, 0, 0, 0, 0, 0, 0, 0, 0, 0, 0, 0, 0, 0, 0, 0, 0, 0, 0, 0, 0, 0, 0, 0, 0, 0, 0, 0, 0, 0, 0, 0, 1, 0, 0, 0, 0, 0, 0, 0, 1, 0, 0, 0, 0]"
"`` A los tercerizados hay que trabajarlos políticamente '' , le recomendó el ministro de Trabajo , Carlos Tomada , a Pedraza luego del crimen de Ferreyra y antes de que detuvieran al sindicalista que ahora está preso por haber instigado el ataque aquel 20 de octubre del 2010 .","['``', 'A', 'los', 'tercerizados', 'hay', 'que', 'trabajarlos', 'políticamente', ""''"", ',', 'le', 'recomendó', 'el', 'ministro', 'de', 'Trabajo', ',', 'Carlos', 'Tomada', ',', 'a', 'Pedraza', 'luego', 'del', 'crimen', 'de', 'Ferreyra', 'y', 'antes', 'de', 'que', 'detuvieran', 'al', 'sindicalista', 'que', 'ahora', 'está', 'preso', 'por', 'haber', 'instigado', 'el', 'ataque', 'aquel', '20', 'de', 'octubre', 'del', '2010', '.']","['O', 'O', 'O', 'O', 'O', 'O', 'O', 'O', 'O', 'O', 'O', 'O', 'O', 'O', 'O', 'O', 'O', 'O', 'O', 'O', 'O', 'B-participant', 'O', 'O', 'B-trigger', 'O', 'B-target', 'O', 'O', 'O', 'O', 'O', 'O', 'B-participant', 'O', 'O', 'O', 'O', 'O', 'O', 'O', 'O', 'B-trigger', 'O', 'B-etime', 'I-etime', 'I-etime', 'I-etime', 'I-etime', 'O']","[0, 0, 0, 0, 0, 0, 0, 0, 0, 0, 0, 0, 0, 0, 0, 0, 0, 0, 0, 0, 0, 0, 0, 0, 1, 0, 0, 0, 0, 0, 0, 0, 0, 0, 0, 0, 0, 0, 0, 0, 0, 0, 1, 0, 0, 0, 0, 0, 0, 0]"
"En esa escucha telefónica registrada el 14 de enero del 2011 , casi tres meses después del crimen de Ferreyra , queda expuesto que Tomada mantenía una relación fluida con el responsable del gremio ferroviario y cuya detención exigían en el entorno de Ferreyra .","['En', 'esa', 'escucha', 'telefónica', 'registrada', 'el', '14', 'de', 'enero', 'del', '2011', ',', 'casi', 'tres', 'meses', 'después', 'del', 'crimen', 'de', 'Ferreyra', ',', 'queda', 'expuesto', 'que', 'Tomada', 'mantenía', 'una', 'relación', 'fluida', 'con', 'el', 'responsable', 'del', 'gremio', 'ferroviario', 'y', 'cuya', 'detención', 'exigían', 'en', 'el', 'entorno', 'de', 'Ferreyra', '.']","['O', 'O', 'O', 'O', 'O', 'O', 'O', 'O', 'O', 'O', 'O', 'O', 'O', 'O', 'O', 'O', 'O', 'B-trigger', 'O', 'B-target', 'O', 'O', 'O', 'O', 'O', 'O', 'O', 'O', 'O', 'O', 'O', 'O', 'O', 'O', 'O', 'O', 'O', 'O', 'O', 'O', 'O', 'O', 'O', 'O', 'O']","[0, 0, 0, 0, 0, 0, 0, 0, 0, 0, 0, 0, 0, 0, 0, 0, 0, 1, 0, 0, 0, 0, 0, 0, 0, 0, 0, 0, 0, 0, 0, 0, 0, 0, 0, 0, 0, 0, 0, 0, 0, 0, 0, 0, 0]"
"Los jueces del Tribunal Oral en lo Criminal 21 también escucharon a Pedraza hablando con la viceministra de Trabajo , Noemí Rial , quien le expresaba al ferroviario su solidaridad y se ponía a su disposición cuando el crimen de Mariano Ferreyra ya había ocurrido .","['Los', 'jueces', 'del', 'Tribunal', 'Oral', 'en', 'lo', 'Criminal', '21', 'también', 'escucharon', 'a', 'Pedraza', 'hablando', 'con', 'la', 'viceministra', 'de', 'Trabajo', ',', 'Noemí', 'Rial', ',', 'quien', 'le', 'expresaba', 'al', 'ferroviario', 'su', 'solidaridad', 'y', 'se', 'ponía', 'a', 'su', 'disposición', 'cuando', 'el', 'crimen', 'de', 'Mariano', 'Ferreyra', 'ya', 'había', 'ocurrido', '.']","['O', 'O', 'O', 'O', 'O', 'O', 'O', 'O', 'O', 'O', 'O', 'O', 'B-participant', 'O', 'O', 'O', 'O', 'O', 'O', 'O', 'O', 'O', 'O', 'O', 'O', 'O', 'O', 'B-organizer', 'O', 'O', 'O', 'O', 'O', 'O', 'O', 'O', 'O', 'O', 'B-trigger', 'O', 'B-target', 'I-target', 'O', 'O', 'O', 'O']","[0, 0, 0, 0, 0, 0, 0, 0, 0, 0, 0, 0, 0, 0, 0, 0, 0, 0, 0, 0, 0, 0, 0, 0, 0, 0, 0, 0, 0, 0, 0, 0, 0, 0, 0, 0, 0, 0, 1, 0, 0, 0, 0, 0, 0, 0]"
"El lunes , en una inspección ocular en cercanías del Puente Bosch , en Barracas , los jueces junto a fiscales , abogados y solo algunos acusados recorrieron e lugar donde cayó muerto el joven del Partido Obrero , cuando reclamaba la incorporación a planta permanente de un grupo de empleados tercerizados .","['El', 'lunes', ',', 'en', 'una', 'inspección', 'ocular', 'en', 'cercanías', 'del', 'Puente', 'Bosch', ',', 'en', 'Barracas', ',', 'los', 'jueces', 'junto', 'a', 'fiscales', ',', 'abogados', 'y', 'solo', 'algunos', 'acusados', 'recorrieron', 'e', 'lugar', 'donde', 'cayó', 'muerto', 'el', 'joven', 'del', 'Partido', 'Obrero', ',', 'cuando', 'reclamaba', 'la', 'incorporación', 'a', 'planta', 'permanente', 'de', 'un', 'grupo', 'de', 'empleados', 'tercerizados', '.']","['O', 'O', 'O', 'O', 'O', 'O', 'O', 'B-fname', 'I-fname', 'I-fname', 'I-fname', 'I-fname', 'O', 'O', 'B-place', 'O', 'O', 'O', 'O', 'O', 'O', 'O', 'O', 'O', 'O', 'O', 'O', 'O', 'O', 'O', 'O', 'B-trigger', 'I-trigger', 'O', 'B-target', 'O', 'B-organizer', 'I-organizer', 'O', 'O', 'B-trigger', 'O', 'O', 'O', 'O', 'O', 'O', 'O', 'O', 'O', 'B-participant', 'I-participant', 'O']","[0, 0, 0, 0, 0, 0, 0, 0, 0, 0, 0, 0, 0, 0, 0, 0, 0, 0, 0, 0, 0, 0, 0, 0, 0, 0, 0, 0, 0, 0, 0, 1, 1, 0, 0, 0, 0, 0, 0, 0, 1, 0, 0, 0, 0, 0, 0, 0, 0, 0, 0, 0, 0]"
"Los manifestantes pensaban hacer un corte de vías , pero una patota ferroviaria se abalanzó sobre ellos y los atacó , con la supuesta complicidad de un grupo de policías que liberó la zona .","['Los', 'manifestantes', 'pensaban', 'hacer', 'un', 'corte', 'de', 'vías', ',', 'pero', 'una', 'patota', 'ferroviaria', 'se', 'abalanzó', 'sobre', 'ellos', 'y', 'los', 'atacó', ',', 'con', 'la', 'supuesta', 'complicidad', 'de', 'un', 'grupo', 'de', 'policías', 'que', 'liberó', 'la', 'zona', '.']","['O', 'B-target', 'O', 'O', 'O', 'O', 'O', 'O', 'O', 'O', 'O', 'B-participant', 'O', 'B-trigger', 'I-trigger', 'O', 'O', 'O', 'O', 'B-trigger', 'O', 'O', 'O', 'O', 'O', 'O', 'O', 'O', 'O', 'O', 'O', 'O', 'O', 'O', 'O']","[0, 0, 0, 0, 0, 0, 0, 0, 0, 0, 0, 0, 0, 1, 1, 0, 0, 0, 0, 1, 0, 0, 0, 0, 0, 0, 0, 0, 0, 0, 0, 0, 0, 0, 0]"
"Hoy , en el juicio , hay 17 acusados : Pedraza ; su segundo , Juan Carlos Fernández ; los ocho supuestos miembros de la patota ferroviaria que atacó al militante del PO -en la que Cristian `` Harry '' Favale y Gabriel `` Payaso '' Sánchez están señalados como autores de los disparos que mataron a Ferreyra- y siete policías acusados de haber liberado la zona .","['Hoy', ',', 'en', 'el', 'juicio', ',', 'hay', '17', 'acusados', ':', 'Pedraza', ';', 'su', 'segundo', ',', 'Juan', 'Carlos', 'Fernández', ';', 'los', 'ocho', 'supuestos', 'miembros', 'de', 'la', 'patota', 'ferroviaria', 'que', 'atacó', 'al', 'militante', 'del', 'PO', '-en', 'la', 'que', 'Cristian', '``', 'Harry', ""''"", 'Favale', 'y', 'Gabriel', '``', 'Payaso', ""''"", 'Sánchez', 'están', 'señalados', 'como', 'autores', 'de', 'los', 'disparos', 'que', 'mataron', 'a', 'Ferreyra-', 'y', 'siete', 'policías', 'acusados', 'de', 'haber', 'liberado', 'la', 'zona', '.']","['O', 'O', 'O', 'O', 'O', 'O', 'O', 'O', 'O', 'O', 'B-participant', 'O', 'O', 'O', 'O', 'B-participant', 'I-participant', 'I-participant', 'O', 'O', 'O', 'O', 'O', 'O', 'O', 'B-participant', 'O', 'O', 'B-trigger', 'O', 'B-target', 'O', 'O', 'O', 'B-trigger', 'O', 'B-participant', 'I-participant', 'I-participant', 'I-participant', 'I-participant', 'O', 'B-participant', 'I-participant', 'I-participant', 'I-participant', 'I-participant', 'O', 'O', 'O', 'O', 'O', 'O', 'B-trigger', 'O', 'B-trigger', 'O', 'B-target', 'O', 'O', 'O', 'O', 'O', 'O', 'O', 'O', 'O', 'O']","[0, 0, 0, 0, 0, 0, 0, 0, 0, 0, 0, 0, 0, 0, 0, 0, 0, 0, 0, 0, 0, 0, 0, 0, 0, 0, 0, 0, 1, 0, 0, 0, 0, 0, 1, 0, 0, 0, 0, 0, 0, 0, 0, 0, 0, 0, 0, 0, 0, 0, 0, 0, 0, 1, 0, 1, 0, 0, 0, 0, 0, 0, 0, 0, 0, 0, 0, 0]"
Las grabaciones escuchadas no sólo aludieron al crimen de Ferreyra sino también a la supuesta red de coimas que se tendió cuando Pedraza cayó preso y se habrían hecho gestiones para conseguir su excarcelación en la Cámara Nacional de Casación Penal .,"['Las', 'grabaciones', 'escuchadas', 'no', 'sólo', 'aludieron', 'al', 'crimen', 'de', 'Ferreyra', 'sino', 'también', 'a', 'la', 'supuesta', 'red', 'de', 'coimas', 'que', 'se', 'tendió', 'cuando', 'Pedraza', 'cayó', 'preso', 'y', 'se', 'habrían', 'hecho', 'gestiones', 'para', 'conseguir', 'su', 'excarcelación', 'en', 'la', 'Cámara', 'Nacional', 'de', 'Casación', 'Penal', '.']","['O', 'O', 'O', 'O', 'O', 'O', 'O', 'B-trigger', 'O', 'B-target', 'O', 'O', 'O', 'O', 'O', 'O', 'O', 'O', 'O', 'O', 'O', 'O', 'B-participant', 'O', 'O', 'O', 'O', 'O', 'O', 'O', 'O', 'O', 'O', 'O', 'O', 'O', 'O', 'O', 'O', 'O', 'O', 'O']","[0, 0, 0, 0, 0, 0, 0, 1, 0, 0, 0, 0, 0, 0, 0, 0, 0, 0, 0, 0, 0, 0, 0, 0, 0, 0, 0, 0, 0, 0, 0, 0, 0, 0, 0, 0, 0, 0, 0, 0, 0, 0]"
"La Capital amaneció con la quietud de un día feriado , pero llena de basura por la adhesión de los recolectores , del gremio de camioneros .","['La', 'Capital', 'amaneció', 'con', 'la', 'quietud', 'de', 'un', 'día', 'feriado', ',', 'pero', 'llena', 'de', 'basura', 'por', 'la', 'adhesión', 'de', 'los', 'recolectores', ',', 'del', 'gremio', 'de', 'camioneros', '.']","['O', 'B-place', 'O', 'O', 'O', 'O', 'O', 'O', 'O', 'O', 'O', 'O', 'O', 'O', 'O', 'O', 'O', 'B-trigger', 'O', 'O', 'B-participant', 'O', 'O', 'B-organizer', 'O', 'B-participant', 'O']","[0, 0, 0, 0, 0, 0, 0, 0, 0, 0, 0, 0, 0, 0, 0, 0, 0, 1, 0, 0, 0, 0, 0, 0, 0, 0, 0]"
El texto sigue la línea argumentativa que había mantenido el Gobierno durante lo peor del conflicto : que no habría diálogo mientras durara el lockout rural y se mantuvieran los cortes de ruta .,"['El', 'texto', 'sigue', 'la', 'línea', 'argumentativa', 'que', 'había', 'mantenido', 'el', 'Gobierno', 'durante', 'lo', 'peor', 'del', 'conflicto', ':', 'que', 'no', 'habría', 'diálogo', 'mientras', 'durara', 'el', 'lockout', 'rural', 'y', 'se', 'mantuvieran', 'los', 'cortes', 'de', 'ruta', '.']","['O', 'O', 'O', 'O', 'O', 'O', 'O', 'O', 'O', 'O', 'B-target', 'O', 'O', 'O', 'O', 'O', 'O', 'O', 'O', 'O', 'O', 'O', 'O', 'O', 'B-trigger', 'O', 'O', 'O', 'O', 'O', 'B-trigger', 'O', 'B-fname', 'O']","[0, 0, 0, 0, 0, 0, 0, 0, 0, 0, 0, 0, 0, 0, 0, 0, 0, 0, 0, 0, 0, 0, 0, 0, 1, 0, 0, 0, 0, 0, 1, 0, 0, 0]"
"Como las cámaras patronales levantaron las medidas en la medianoche del viernes , la Presidenta los invitó nuevamente a conversar .","['Como', 'las', 'cámaras', 'patronales', 'levantaron', 'las', 'medidas', 'en', 'la', 'medianoche', 'del', 'viernes', ',', 'la', 'Presidenta', 'los', 'invitó', 'nuevamente', 'a', 'conversar', '.']","['O', 'O', 'B-organizer', 'I-organizer', 'O', 'O', 'B-trigger', 'B-etime', 'I-etime', 'I-etime', 'I-etime', 'I-etime', 'O', 'O', 'B-target', 'O', 'O', 'O', 'O', 'O', 'O']","[0, 0, 0, 0, 0, 0, 1, 0, 0, 0, 0, 0, 0, 0, 0, 0, 0, 0, 0, 0, 0]"
"Ella no esperó y los convocó , teniendo en cuenta que ya habían levantado el paro y los cortes de ruta ” , aseguró a PáginaI12 el jefe de Gabinete , Alberto Fernández .","['Ella', 'no', 'esperó', 'y', 'los', 'convocó', ',', 'teniendo', 'en', 'cuenta', 'que', 'ya', 'habían', 'levantado', 'el', 'paro', 'y', 'los', 'cortes', 'de', 'ruta', '”', ',', 'aseguró', 'a', 'PáginaI12', 'el', 'jefe', 'de', 'Gabinete', ',', 'Alberto', 'Fernández', '.']","['O', 'O', 'O', 'O', 'O', 'O', 'O', 'O', 'O', 'O', 'O', 'O', 'O', 'O', 'O', 'B-trigger', 'O', 'O', 'B-trigger', 'O', 'B-fname', 'O', 'O', 'O', 'O', 'O', 'O', 'O', 'O', 'O', 'O', 'O', 'O', 'O']","[0, 0, 0, 0, 0, 0, 0, 0, 0, 0, 0, 0, 0, 0, 0, 1, 0, 0, 1, 0, 0, 0, 0, 0, 0, 0, 0, 0, 0, 0, 0, 0, 0, 0]"
"En el acto de la Plaza de Mayo , la Presidenta se había referido a ellos como “ los cuatro señores a quienes nadie votó ” .","['En', 'el', 'acto', 'de', 'la', 'Plaza', 'de', 'Mayo', ',', 'la', 'Presidenta', 'se', 'había', 'referido', 'a', 'ellos', 'como', '“', 'los', 'cuatro', 'señores', 'a', 'quienes', 'nadie', 'votó', '”', '.']","['O', 'O', 'B-trigger', 'O', 'O', 'B-fname', 'I-fname', 'I-fname', 'O', 'O', 'B-participant', 'O', 'O', 'O', 'O', 'O', 'O', 'O', 'O', 'O', 'O', 'O', 'O', 'O', 'O', 'O', 'O']","[0, 0, 1, 0, 0, 0, 0, 0, 0, 0, 0, 0, 0, 0, 0, 0, 0, 0, 0, 0, 0, 0, 0, 0, 0, 0, 0]"
En el Gobierno sabían que los ruralistas iban a solicitar públicamente una nueva audiencia con la Presidenta tras haber levantado los cortes y el cese de comercialización de granos .,"['En', 'el', 'Gobierno', 'sabían', 'que', 'los', 'ruralistas', 'iban', 'a', 'solicitar', 'públicamente', 'una', 'nueva', 'audiencia', 'con', 'la', 'Presidenta', 'tras', 'haber', 'levantado', 'los', 'cortes', 'y', 'el', 'cese', 'de', 'comercialización', 'de', 'granos', '.']","['O', 'O', 'B-target', 'O', 'O', 'O', 'B-participant', 'O', 'O', 'O', 'O', 'O', 'O', 'O', 'O', 'O', 'B-target', 'O', 'O', 'O', 'O', 'B-trigger', 'O', 'O', 'B-trigger', 'I-trigger', 'I-trigger', 'O', 'O', 'O']","[0, 0, 0, 0, 0, 0, 0, 0, 0, 0, 0, 0, 0, 0, 0, 0, 0, 0, 0, 0, 0, 1, 0, 0, 1, 1, 1, 0, 0, 0]"
"Fue en abril , luego de que las entidades suspendieran el lockout patronal y aceptaran una tregua de treinta días .","['Fue', 'en', 'abril', ',', 'luego', 'de', 'que', 'las', 'entidades', 'suspendieran', 'el', 'lockout', 'patronal', 'y', 'aceptaran', 'una', 'tregua', 'de', 'treinta', 'días', '.']","['O', 'B-etime', 'I-etime', 'O', 'O', 'O', 'O', 'O', 'B-organizer', 'O', 'O', 'B-trigger', 'B-participant', 'O', 'O', 'O', 'O', 'O', 'O', 'O', 'O']","[0, 0, 0, 0, 0, 0, 0, 0, 0, 0, 0, 1, 0, 0, 0, 0, 0, 0, 0, 0, 0]"
"Ayer , luego de que las entidades levantaran los cortes de ruta por el envío del proyecto al Parlamento , el Gobierno repitió otra vez la misma mecánica .","['Ayer', ',', 'luego', 'de', 'que', 'las', 'entidades', 'levantaran', 'los', 'cortes', 'de', 'ruta', 'por', 'el', 'envío', 'del', 'proyecto', 'al', 'Parlamento', ',', 'el', 'Gobierno', 'repitió', 'otra', 'vez', 'la', 'misma', 'mecánica', '.']","['B-etime', 'O', 'O', 'O', 'O', 'O', 'B-organizer', 'O', 'O', 'B-trigger', 'O', 'B-fname', 'O', 'O', 'O', 'O', 'O', 'O', 'O', 'O', 'O', 'B-target', 'O', 'O', 'O', 'O', 'O', 'O', 'O']","[0, 0, 0, 0, 0, 0, 0, 0, 0, 1, 0, 0, 0, 0, 0, 0, 0, 0, 0, 0, 0, 0, 0, 0, 0, 0, 0, 0, 0]"
"La carta comienza con dos párrafos críticos por las consecuencias del paro de comercialización de granos y los cortes de ruta de los últimos cien días , y termina con una invitación personalizada para cada uno de los dirigentes ruralistas .","['La', 'carta', 'comienza', 'con', 'dos', 'párrafos', 'críticos', 'por', 'las', 'consecuencias', 'del', 'paro', 'de', 'comercialización', 'de', 'granos', 'y', 'los', 'cortes', 'de', 'ruta', 'de', 'los', 'últimos', 'cien', 'días', ',', 'y', 'termina', 'con', 'una', 'invitación', 'personalizada', 'para', 'cada', 'uno', 'de', 'los', 'dirigentes', 'ruralistas', '.']","['O', 'O', 'O', 'O', 'O', 'O', 'O', 'O', 'O', 'O', 'O', 'B-trigger', 'O', 'O', 'O', 'O', 'O', 'O', 'B-trigger', 'O', 'B-fname', 'O', 'O', 'B-etime', 'I-etime', 'I-etime', 'O', 'O', 'O', 'O', 'O', 'O', 'O', 'O', 'O', 'O', 'O', 'O', 'B-participant', 'O', 'O']","[0, 0, 0, 0, 0, 0, 0, 0, 0, 0, 0, 1, 0, 0, 0, 0, 0, 0, 1, 0, 0, 0, 0, 0, 0, 0, 0, 0, 0, 0, 0, 0, 0, 0, 0, 0, 0, 0, 0, 0, 0]"
"“ Como es público y notorio , la entidad que usted preside , junto a las demás entidades rurales , ha decidido poner fin al paro de comercialización de granos oportunamente dispuesto y ha dispuesto el levantamiento de los diversos cortes de ruta que en los últimos cien días se habían expandido en determinados lugares del país .","['“', 'Como', 'es', 'público', 'y', 'notorio', ',', 'la', 'entidad', 'que', 'usted', 'preside', ',', 'junto', 'a', 'las', 'demás', 'entidades', 'rurales', ',', 'ha', 'decidido', 'poner', 'fin', 'al', 'paro', 'de', 'comercialización', 'de', 'granos', 'oportunamente', 'dispuesto', 'y', 'ha', 'dispuesto', 'el', 'levantamiento', 'de', 'los', 'diversos', 'cortes', 'de', 'ruta', 'que', 'en', 'los', 'últimos', 'cien', 'días', 'se', 'habían', 'expandido', 'en', 'determinados', 'lugares', 'del', 'país', '.']","['O', 'O', 'O', 'O', 'O', 'O', 'O', 'O', 'B-organizer', 'O', 'O', 'O', 'O', 'O', 'O', 'O', 'O', 'B-organizer', 'O', 'O', 'O', 'O', 'O', 'O', 'O', 'B-trigger', 'O', 'O', 'O', 'O', 'O', 'O', 'O', 'O', 'O', 'O', 'O', 'O', 'O', 'O', 'B-trigger', 'O', 'B-fname', 'O', 'B-trigger', 'I-trigger', 'I-trigger', 'I-trigger', 'I-trigger', 'O', 'O', 'O', 'O', 'O', 'O', 'O', 'O', 'O']","[0, 0, 0, 0, 0, 0, 0, 0, 0, 0, 0, 0, 0, 0, 0, 0, 0, 0, 0, 0, 0, 0, 0, 0, 0, 1, 0, 0, 0, 0, 0, 0, 0, 0, 0, 0, 0, 0, 0, 0, 1, 0, 0, 0, 1, 1, 1, 1, 1, 0, 0, 0, 0, 0, 0, 0, 0, 0]"
No ha de escapar a usted que tales medidas de fuerza han deparado consecuencias definitivamente negativas para los argentinos .,"['No', 'ha', 'de', 'escapar', 'a', 'usted', 'que', 'tales', 'medidas', 'de', 'fuerza', 'han', 'deparado', 'consecuencias', 'definitivamente', 'negativas', 'para', 'los', 'argentinos', '.']","['O', 'O', 'O', 'O', 'O', 'O', 'O', 'O', 'B-trigger', 'I-trigger', 'I-trigger', 'O', 'O', 'O', 'O', 'O', 'O', 'O', 'O', 'O']","[0, 0, 0, 0, 0, 0, 0, 0, 1, 1, 1, 0, 0, 0, 0, 0, 0, 0, 0, 0]"
"A medio camino entre las dos salas podrían situarse las imágenes que dan cuenta de los “ siluetazos ” –aparecieron por primera vez en 1983 , al fin de la dictadura , durante la tercera Marcha de la Resistencia , dando cuenta de nuevos formatos , procesos , pedidos , expresiones : a la vez gesto artístico y reclamo .","['A', 'medio', 'camino', 'entre', 'las', 'dos', 'salas', 'podrían', 'situarse', 'las', 'imágenes', 'que', 'dan', 'cuenta', 'de', 'los', '“', 'siluetazos', '”', '–aparecieron', 'por', 'primera', 'vez', 'en', '1983', ',', 'al', 'fin', 'de', 'la', 'dictadura', ',', 'durante', 'la', 'tercera', 'Marcha', 'de', 'la', 'Resistencia', ',', 'dando', 'cuenta', 'de', 'nuevos', 'formatos', ',', 'procesos', ',', 'pedidos', ',', 'expresiones', ':', 'a', 'la', 'vez', 'gesto', 'artístico', 'y', 'reclamo', '.']","['O', 'O', 'O', 'O', 'O', 'O', 'O', 'O', 'O', 'O', 'O', 'O', 'O', 'O', 'O', 'O', 'O', 'B-trigger', 'O', 'O', 'O', 'O', 'O', 'B-etime', 'I-etime', 'O', 'O', 'O', 'O', 'O', 'O', 'O', 'O', 'O', 'O', 'B-trigger', 'O', 'O', 'O', 'O', 'O', 'O', 'O', 'O', 'O', 'O', 'O', 'O', 'O', 'O', 'O', 'O', 'O', 'O', 'O', 'O', 'O', 'O', 'O', 'O']","[0, 0, 0, 0, 0, 0, 0, 0, 0, 0, 0, 0, 0, 0, 0, 0, 0, 1, 0, 0, 0, 0, 0, 0, 0, 0, 0, 0, 0, 0, 0, 0, 0, 0, 0, 1, 0, 0, 0, 0, 0, 0, 0, 0, 0, 0, 0, 0, 0, 0, 0, 0, 0, 0, 0, 0, 0, 0, 0, 0]"
"Voceros de TBA , concesionaria de la ex línea Sarmiento , confirmaron ayer las causas del incendio que el martes a la noche destruyó cuatro vagones de un tren en la estación Castelar , y fueron más allá : aseguraron que también hubo robos y saqueos .","['Voceros', 'de', 'TBA', ',', 'concesionaria', 'de', 'la', 'ex', 'línea', 'Sarmiento', ',', 'confirmaron', 'ayer', 'las', 'causas', 'del', 'incendio', 'que', 'el', 'martes', 'a', 'la', 'noche', 'destruyó', 'cuatro', 'vagones', 'de', 'un', 'tren', 'en', 'la', 'estación', 'Castelar', ',', 'y', 'fueron', 'más', 'allá', ':', 'aseguraron', 'que', 'también', 'hubo', 'robos', 'y', 'saqueos', '.']","['O', 'O', 'B-target', 'O', 'O', 'O', 'O', 'O', 'O', 'O', 'O', 'O', 'O', 'O', 'O', 'O', 'B-trigger', 'O', 'B-etime', 'I-etime', 'I-etime', 'I-etime', 'I-etime', 'O', 'O', 'O', 'O', 'O', 'O', 'B-fname', 'I-fname', 'I-fname', 'I-fname', 'O', 'O', 'O', 'O', 'O', 'O', 'O', 'O', 'O', 'O', 'B-trigger', 'O', 'B-trigger', 'O']","[0, 0, 0, 0, 0, 0, 0, 0, 0, 0, 0, 0, 0, 0, 0, 0, 1, 0, 0, 0, 0, 0, 0, 0, 0, 0, 0, 0, 0, 0, 0, 0, 0, 0, 0, 0, 0, 0, 0, 0, 0, 0, 0, 1, 0, 1, 0]"
"Ante la suspensión del servicio , un grupo de pasajeros reaccionó incendiando los vagones .","['Ante', 'la', 'suspensión', 'del', 'servicio', ',', 'un', 'grupo', 'de', 'pasajeros', 'reaccionó', 'incendiando', 'los', 'vagones', '.']","['O', 'O', 'O', 'O', 'O', 'O', 'O', 'O', 'O', 'B-participant', 'O', 'B-trigger', 'O', 'O', 'O']","[0, 0, 0, 0, 0, 0, 0, 0, 0, 0, 0, 1, 0, 0, 0]"
"Una alta fuente de TBA señaló , sin embargo , que `` lo que ocurrió es raro : además de los vagones , también hubo saqueos y robos a los puestos ubicados en los andenes '' .","['Una', 'alta', 'fuente', 'de', 'TBA', 'señaló', ',', 'sin', 'embargo', ',', 'que', '``', 'lo', 'que', 'ocurrió', 'es', 'raro', ':', 'además', 'de', 'los', 'vagones', ',', 'también', 'hubo', 'saqueos', 'y', 'robos', 'a', 'los', 'puestos', 'ubicados', 'en', 'los', 'andenes', ""''"", '.']","['O', 'O', 'O', 'O', 'B-target', 'O', 'O', 'O', 'O', 'O', 'O', 'O', 'O', 'O', 'O', 'O', 'O', 'O', 'O', 'O', 'O', 'O', 'O', 'O', 'O', 'B-trigger', 'O', 'B-trigger', 'B-fname', 'I-fname', 'I-fname', 'O', 'B-fname', 'I-fname', 'I-fname', 'O', 'O']","[0, 0, 0, 0, 0, 0, 0, 0, 0, 0, 0, 0, 0, 0, 0, 0, 0, 0, 0, 0, 0, 0, 0, 0, 0, 1, 0, 1, 0, 0, 0, 0, 0, 0, 0, 0, 0]"
"La empresa reconoció que muchos usuarios `` se enojaron por el corte '' , pero agregó que `` llama la atención '' el incendio en el primer vagón de la formación : `` Alguien metió una barreta de hierro en una caja de fusibles y no todo el mundo conoce ese mecanismo '' .","['La', 'empresa', 'reconoció', 'que', 'muchos', 'usuarios', '``', 'se', 'enojaron', 'por', 'el', 'corte', ""''"", ',', 'pero', 'agregó', 'que', '``', 'llama', 'la', 'atención', ""''"", 'el', 'incendio', 'en', 'el', 'primer', 'vagón', 'de', 'la', 'formación', ':', '``', 'Alguien', 'metió', 'una', 'barreta', 'de', 'hierro', 'en', 'una', 'caja', 'de', 'fusibles', 'y', 'no', 'todo', 'el', 'mundo', 'conoce', 'ese', 'mecanismo', ""''"", '.']","['O', 'B-target', 'O', 'O', 'O', 'B-participant', 'O', 'O', 'O', 'O', 'O', 'O', 'O', 'O', 'O', 'O', 'O', 'O', 'O', 'O', 'O', 'O', 'O', 'B-trigger', 'O', 'O', 'O', 'O', 'O', 'O', 'O', 'O', 'O', 'O', 'O', 'O', 'O', 'O', 'O', 'O', 'O', 'O', 'O', 'O', 'O', 'O', 'O', 'O', 'O', 'O', 'O', 'O', 'O', 'O']","[0, 0, 0, 0, 0, 0, 0, 0, 0, 0, 0, 0, 0, 0, 0, 0, 0, 0, 0, 0, 0, 0, 0, 1, 0, 0, 0, 0, 0, 0, 0, 0, 0, 0, 0, 0, 0, 0, 0, 0, 0, 0, 0, 0, 0, 0, 0, 0, 0, 0, 0, 0, 0, 0]"
"Los otros tres vagones fueron quemados cuando los bomberos ya trabajaban en el locomotora : `` Hubo un grupo , tipo patota , que prendió fuego los asientos '' .","['Los', 'otros', 'tres', 'vagones', 'fueron', 'quemados', 'cuando', 'los', 'bomberos', 'ya', 'trabajaban', 'en', 'el', 'locomotora', ':', '``', 'Hubo', 'un', 'grupo', ',', 'tipo', 'patota', ',', 'que', 'prendió', 'fuego', 'los', 'asientos', ""''"", '.']","['O', 'O', 'O', 'O', 'O', 'O', 'O', 'O', 'O', 'O', 'O', 'O', 'O', 'O', 'O', 'O', 'O', 'O', 'O', 'O', 'O', 'B-participant', 'O', 'O', 'B-trigger', 'I-trigger', 'O', 'O', 'O', 'O']","[0, 0, 0, 0, 0, 0, 0, 0, 0, 0, 0, 0, 0, 0, 0, 0, 0, 0, 0, 0, 0, 0, 0, 0, 1, 1, 0, 0, 0, 0]"
"No obstante , la concesionaria descartó que `` algún trabajador ferroviario '' estuviera implicado en el incendio .","['No', 'obstante', ',', 'la', 'concesionaria', 'descartó', 'que', '``', 'algún', 'trabajador', 'ferroviario', ""''"", 'estuviera', 'implicado', 'en', 'el', 'incendio', '.']","['O', 'O', 'O', 'O', 'B-target', 'O', 'O', 'O', 'O', 'O', 'O', 'O', 'O', 'O', 'O', 'O', 'B-trigger', 'O']","[0, 0, 0, 0, 0, 0, 0, 0, 0, 0, 0, 0, 0, 0, 0, 0, 1, 0]"
"Anoche , vecinos y comerciantes de ese barrio cortaron el tránsito en Rivadavia y Acoyte en rechazo a esa iniciativa .","['Anoche', ',', 'vecinos', 'y', 'comerciantes', 'de', 'ese', 'barrio', 'cortaron', 'el', 'tránsito', 'en', 'Rivadavia', 'y', 'Acoyte', 'en', 'rechazo', 'a', 'esa', 'iniciativa', '.']","['B-etime', 'O', 'B-participant', 'O', 'B-participant', 'O', 'O', 'O', 'B-trigger', 'O', 'O', 'B-fname', 'I-fname', 'I-fname', 'I-fname', 'O', 'O', 'O', 'O', 'O', 'O']","[0, 0, 0, 0, 0, 0, 0, 0, 1, 0, 0, 0, 0, 0, 0, 0, 0, 0, 0, 0, 0]"
También un gremio docente instaló una carpa blanca frente a la Legislatura contra la creación por ley de un instituto para la evaluación educativa en la ciudad ( ver nota aparte ) .,"['También', 'un', 'gremio', 'docente', 'instaló', 'una', 'carpa', 'blanca', 'frente', 'a', 'la', 'Legislatura', 'contra', 'la', 'creación', 'por', 'ley', 'de', 'un', 'instituto', 'para', 'la', 'evaluación', 'educativa', 'en', 'la', 'ciudad', '(', 'ver', 'nota', 'aparte', ')', '.']","['O', 'O', 'B-organizer', 'B-participant', 'B-trigger', 'I-trigger', 'I-trigger', 'O', 'B-fname', 'I-fname', 'I-fname', 'I-fname', 'O', 'O', 'O', 'O', 'O', 'O', 'O', 'O', 'O', 'O', 'O', 'O', 'O', 'O', 'O', 'O', 'O', 'O', 'O', 'O', 'O']","[0, 0, 0, 0, 1, 1, 1, 0, 0, 0, 0, 0, 0, 0, 0, 0, 0, 0, 0, 0, 0, 0, 0, 0, 0, 0, 0, 0, 0, 0, 0, 0, 0]"
"Hay para matizar una foto de la Selección argentina durante el último mundial y otra de un concierto de Divididos , pero incluso así por si quedaran dudas –no sería la idea– se ofrece una última imagen de los estudiantes secundarios marchando contra Mauricio Macri .","['Hay', 'para', 'matizar', 'una', 'foto', 'de', 'la', 'Selección', 'argentina', 'durante', 'el', 'último', 'mundial', 'y', 'otra', 'de', 'un', 'concierto', 'de', 'Divididos', ',', 'pero', 'incluso', 'así', 'por', 'si', 'quedaran', 'dudas', '–no', 'sería', 'la', 'idea–', 'se', 'ofrece', 'una', 'última', 'imagen', 'de', 'los', 'estudiantes', 'secundarios', 'marchando', 'contra', 'Mauricio', 'Macri', '.']","['O', 'O', 'O', 'O', 'O', 'O', 'O', 'O', 'O', 'O', 'O', 'O', 'O', 'O', 'O', 'O', 'O', 'O', 'O', 'O', 'O', 'O', 'O', 'O', 'O', 'O', 'O', 'O', 'O', 'O', 'O', 'O', 'O', 'O', 'O', 'O', 'O', 'O', 'O', 'B-participant', 'O', 'B-trigger', 'O', 'B-target', 'I-target', 'O']","[0, 0, 0, 0, 0, 0, 0, 0, 0, 0, 0, 0, 0, 0, 0, 0, 0, 0, 0, 0, 0, 0, 0, 0, 0, 0, 0, 0, 0, 0, 0, 0, 0, 0, 0, 0, 0, 0, 0, 0, 0, 1, 0, 0, 0, 0]"
"Luego de que un grupo de manifestantes bloqueara el miércoles pasado la salida del ministro de Trabajo , Carlos Tomada , el Gobierno había salido a ponerles límite a los piqueteros .","['Luego', 'de', 'que', 'un', 'grupo', 'de', 'manifestantes', 'bloqueara', 'el', 'miércoles', 'pasado', 'la', 'salida', 'del', 'ministro', 'de', 'Trabajo', ',', 'Carlos', 'Tomada', ',', 'el', 'Gobierno', 'había', 'salido', 'a', 'ponerles', 'límite', 'a', 'los', 'piqueteros', '.']","['O', 'O', 'O', 'O', 'O', 'O', 'B-participant', 'B-trigger', 'B-etime', 'I-etime', 'I-etime', 'O', 'O', 'O', 'B-target', 'O', 'O', 'O', 'B-target', 'I-target', 'O', 'O', 'B-target', 'O', 'O', 'O', 'O', 'O', 'O', 'O', 'B-participant', 'O']","[0, 0, 0, 0, 0, 0, 0, 1, 0, 0, 0, 0, 0, 0, 0, 0, 0, 0, 0, 0, 0, 0, 0, 0, 0, 0, 0, 0, 0, 0, 0, 0]"
"El lunes , después de la medianoche , una banda de unos 20 motoqueros arrojó pedazos de baldosas contra el Centro de Monitoreo Público ( MOPU ) que la comuna platense tiene en diagonal 74 y 46 .","['El', 'lunes', ',', 'después', 'de', 'la', 'medianoche', ',', 'una', 'banda', 'de', 'unos', '20', 'motoqueros', 'arrojó', 'pedazos', 'de', 'baldosas', 'contra', 'el', 'Centro', 'de', 'Monitoreo', 'Público', '(', 'MOPU', ')', 'que', 'la', 'comuna', 'platense', 'tiene', 'en', 'diagonal', '74', 'y', '46', '.']","['B-etime', 'I-etime', 'I-etime', 'I-etime', 'I-etime', 'I-etime', 'I-etime', 'O', 'O', 'O', 'O', 'O', 'O', 'B-participant', 'B-trigger', 'I-trigger', 'I-trigger', 'I-trigger', 'B-fname', 'I-fname', 'I-fname', 'I-fname', 'I-fname', 'I-fname', 'O', 'B-fname', 'O', 'O', 'O', 'B-target', 'I-target', 'O', 'O', 'O', 'O', 'O', 'O', 'O']","[0, 0, 0, 0, 0, 0, 0, 0, 0, 0, 0, 0, 0, 0, 1, 1, 1, 1, 0, 0, 0, 0, 0, 0, 0, 0, 0, 0, 0, 0, 0, 0, 0, 0, 0, 0, 0, 0]"
Ese sería el motivo del ataque al MOPU .,"['Ese', 'sería', 'el', 'motivo', 'del', 'ataque', 'al', 'MOPU', '.']","['O', 'O', 'O', 'O', 'O', 'B-trigger', 'B-fname', 'I-fname', 'O']","[0, 0, 0, 0, 0, 1, 0, 0, 0]"
"Se acercaron al puesto de monitoreo , hicieron sonar los escapes libres y arrojaron los pedazos de baldosas .","['Se', 'acercaron', 'al', 'puesto', 'de', 'monitoreo', ',', 'hicieron', 'sonar', 'los', 'escapes', 'libres', 'y', 'arrojaron', 'los', 'pedazos', 'de', 'baldosas', '.']","['O', 'O', 'B-fname', 'I-fname', 'I-fname', 'I-fname', 'O', 'B-trigger', 'I-trigger', 'I-trigger', 'I-trigger', 'O', 'O', 'B-trigger', 'I-trigger', 'I-trigger', 'I-trigger', 'I-trigger', 'O']","[0, 0, 0, 0, 0, 0, 0, 1, 1, 1, 1, 0, 0, 1, 1, 1, 1, 1, 0]"
"El resto escapó en distintas direcciones.De acuerdo con el relato de los testigos , fueron alrededor de 20 conductores que llegaron a toda velocidad y , al pasar por esa esquina , apuntaron contra las oficinas donde trabajaban cinco empleados .","['El', 'resto', 'escapó', 'en', 'distintas', 'direcciones.De', 'acuerdo', 'con', 'el', 'relato', 'de', 'los', 'testigos', ',', 'fueron', 'alrededor', 'de', '20', 'conductores', 'que', 'llegaron', 'a', 'toda', 'velocidad', 'y', ',', 'al', 'pasar', 'por', 'esa', 'esquina', ',', 'apuntaron', 'contra', 'las', 'oficinas', 'donde', 'trabajaban', 'cinco', 'empleados', '.']","['O', 'O', 'O', 'O', 'O', 'O', 'O', 'O', 'O', 'O', 'O', 'O', 'O', 'O', 'O', 'O', 'O', 'O', 'B-participant', 'O', 'O', 'O', 'O', 'O', 'O', 'O', 'O', 'O', 'O', 'O', 'O', 'O', 'B-trigger', 'B-fname', 'I-fname', 'I-fname', 'O', 'O', 'O', 'O', 'O']","[0, 0, 0, 0, 0, 0, 0, 0, 0, 0, 0, 0, 0, 0, 0, 0, 0, 0, 0, 0, 0, 0, 0, 0, 0, 0, 0, 0, 0, 0, 0, 0, 1, 0, 0, 0, 0, 0, 0, 0, 0]"
"A mediados de 2008 , una semana después de que comenzaran los controles municipales , los motoqueros destrozaron los vidrios de la dirección de Control Urbano .","['A', 'mediados', 'de', '2008', ',', 'una', 'semana', 'después', 'de', 'que', 'comenzaran', 'los', 'controles', 'municipales', ',', 'los', 'motoqueros', 'destrozaron', 'los', 'vidrios', 'de', 'la', 'dirección', 'de', 'Control', 'Urbano', '.']","['B-etime', 'I-etime', 'I-etime', 'I-etime', 'O', 'O', 'O', 'O', 'O', 'O', 'O', 'O', 'O', 'O', 'O', 'O', 'B-participant', 'B-trigger', 'O', 'O', 'O', 'O', 'B-target', 'I-target', 'I-target', 'I-target', 'O']","[0, 0, 0, 0, 0, 0, 0, 0, 0, 0, 0, 0, 0, 0, 0, 0, 0, 1, 0, 0, 0, 0, 0, 0, 0, 0, 0]"
"Y , sobre todo , luego de los violentos incidentes del martes pasado en Constitución , cuando usuarios enardecidos por las demoras del servicio quemaron la boletería y la comisaría de la estación.Pese a las quejas de los usuarios por el servicio , el Gobierno paga al Belgrano Sur un subsidio promedio de $ 6 millones por mes y al Roca $ 12 millones.El apuro del Gobierno por resolver esta crisis es tan evidente que mañana mismo la UGOFE se hará cargo de la operación en estos dos ramales que quedaron vacantes .","['Y', ',', 'sobre', 'todo', ',', 'luego', 'de', 'los', 'violentos', 'incidentes', 'del', 'martes', 'pasado', 'en', 'Constitución', ',', 'cuando', 'usuarios', 'enardecidos', 'por', 'las', 'demoras', 'del', 'servicio', 'quemaron', 'la', 'boletería', 'y', 'la', 'comisaría', 'de', 'la', 'estación.Pese', 'a', 'las', 'quejas', 'de', 'los', 'usuarios', 'por', 'el', 'servicio', ',', 'el', 'Gobierno', 'paga', 'al', 'Belgrano', 'Sur', 'un', 'subsidio', 'promedio', 'de', '$', '6', 'millones', 'por', 'mes', 'y', 'al', 'Roca', '$', '12', 'millones.El', 'apuro', 'del', 'Gobierno', 'por', 'resolver', 'esta', 'crisis', 'es', 'tan', 'evidente', 'que', 'mañana', 'mismo', 'la', 'UGOFE', 'se', 'hará', 'cargo', 'de', 'la', 'operación', 'en', 'estos', 'dos', 'ramales', 'que', 'quedaron', 'vacantes', '.']","['O', 'O', 'O', 'O', 'O', 'O', 'O', 'O', 'O', 'B-trigger', 'B-etime', 'I-etime', 'I-etime', 'O', 'B-place', 'O', 'O', 'B-participant', 'O', 'O', 'O', 'O', 'O', 'O', 'B-trigger', 'B-fname', 'I-fname', 'O', 'B-fname', 'I-fname', 'I-fname', 'I-fname', 'I-fname', 'O', 'O', 'O', 'O', 'O', 'O', 'O', 'O', 'O', 'O', 'O', 'O', 'O', 'O', 'O', 'O', 'O', 'O', 'O', 'O', 'O', 'O', 'O', 'O', 'O', 'O', 'O', 'O', 'O', 'O', 'O', 'O', 'O', 'O', 'O', 'O', 'O', 'O', 'O', 'O', 'O', 'O', 'O', 'O', 'O', 'O', 'O', 'O', 'O', 'O', 'O', 'O', 'O', 'O', 'O', 'O', 'O', 'O', 'O', 'O']","[0, 0, 0, 0, 0, 0, 0, 0, 0, 1, 0, 0, 0, 0, 0, 0, 0, 0, 0, 0, 0, 0, 0, 0, 1, 0, 0, 0, 0, 0, 0, 0, 0, 0, 0, 0, 0, 0, 0, 0, 0, 0, 0, 0, 0, 0, 0, 0, 0, 0, 0, 0, 0, 0, 0, 0, 0, 0, 0, 0, 0, 0, 0, 0, 0, 0, 0, 0, 0, 0, 0, 0, 0, 0, 0, 0, 0, 0, 0, 0, 0, 0, 0, 0, 0, 0, 0, 0, 0, 0, 0, 0, 0]"
"Tras los incidentes y el corte del Puente Alsina que un grupo de cartoneros produjo el jueves por la noche cuando la Policía Federal impidió el paso de sus camiones a la Capital , el Gobierno porteño confirmó ayer que el lunes se abrirá una mesa de diálogo con el sector .","['Tras', 'los', 'incidentes', 'y', 'el', 'corte', 'del', 'Puente', 'Alsina', 'que', 'un', 'grupo', 'de', 'cartoneros', 'produjo', 'el', 'jueves', 'por', 'la', 'noche', 'cuando', 'la', 'Policía', 'Federal', 'impidió', 'el', 'paso', 'de', 'sus', 'camiones', 'a', 'la', 'Capital', ',', 'el', 'Gobierno', 'porteño', 'confirmó', 'ayer', 'que', 'el', 'lunes', 'se', 'abrirá', 'una', 'mesa', 'de', 'diálogo', 'con', 'el', 'sector', '.']","['O', 'O', 'B-trigger', 'O', 'O', 'B-trigger', 'O', 'B-fname', 'I-fname', 'O', 'O', 'O', 'O', 'B-participant', 'O', 'B-etime', 'I-etime', 'I-etime', 'I-etime', 'I-etime', 'O', 'O', 'O', 'O', 'O', 'O', 'O', 'O', 'O', 'O', 'O', 'O', 'O', 'O', 'O', 'B-target', 'I-target', 'O', 'O', 'O', 'O', 'O', 'O', 'O', 'O', 'O', 'O', 'O', 'O', 'O', 'O', 'O']","[0, 0, 1, 0, 0, 1, 0, 0, 0, 0, 0, 0, 0, 0, 0, 0, 0, 0, 0, 0, 0, 0, 0, 0, 0, 0, 0, 0, 0, 0, 0, 0, 0, 0, 0, 0, 0, 0, 0, 0, 0, 0, 0, 0, 0, 0, 0, 0, 0, 0, 0, 0]"
"El acto se realizó en el tradicional gimnasio del club Atenas , de La Plata .","['El', 'acto', 'se', 'realizó', 'en', 'el', 'tradicional', 'gimnasio', 'del', 'club', 'Atenas', ',', 'de', 'La', 'Plata', '.']","['O', 'B-trigger', 'O', 'O', 'B-fname', 'I-fname', 'I-fname', 'I-fname', 'I-fname', 'I-fname', 'I-fname', 'O', 'O', 'B-place', 'I-place', 'O']","[0, 1, 0, 0, 0, 0, 0, 0, 0, 0, 0, 0, 0, 0, 0, 0]"
"Hubo piquetes , cortes y ollas populares en Río Gallegos tras la presentación judicial de la gobernadora que los acusó de daños y sedición .","['Hubo', 'piquetes', ',', 'cortes', 'y', 'ollas', 'populares', 'en', 'Río', 'Gallegos', 'tras', 'la', 'presentación', 'judicial', 'de', 'la', 'gobernadora', 'que', 'los', 'acusó', 'de', 'daños', 'y', 'sedición', '.']","['O', 'B-trigger', 'O', 'B-trigger', 'O', 'B-trigger', 'I-trigger', 'O', 'B-place', 'I-place', 'O', 'O', 'O', 'O', 'O', 'O', 'B-target', 'O', 'O', 'O', 'O', 'O', 'O', 'O', 'O']","[0, 1, 0, 1, 0, 1, 1, 0, 0, 0, 0, 0, 0, 0, 0, 0, 0, 0, 0, 0, 0, 0, 0, 0, 0]"
"Una gran carpa de color verde con las banderas de la CTA Autónoma se instaló sobre la avenida Néstor Kirchner , en el corazón de Río Gallegos , como símbolo del paro general con el que inició la semana .","['Una', 'gran', 'carpa', 'de', 'color', 'verde', 'con', 'las', 'banderas', 'de', 'la', 'CTA', 'Autónoma', 'se', 'instaló', 'sobre', 'la', 'avenida', 'Néstor', 'Kirchner', ',', 'en', 'el', 'corazón', 'de', 'Río', 'Gallegos', ',', 'como', 'símbolo', 'del', 'paro', 'general', 'con', 'el', 'que', 'inició', 'la', 'semana', '.']","['O', 'O', 'O', 'O', 'O', 'O', 'O', 'O', 'B-trigger', 'O', 'O', 'B-organizer', 'I-organizer', 'O', 'O', 'B-fname', 'I-fname', 'I-fname', 'I-fname', 'I-fname', 'O', 'O', 'O', 'O', 'O', 'B-place', 'I-place', 'O', 'O', 'O', 'O', 'B-trigger', 'O', 'O', 'O', 'O', 'O', 'O', 'O', 'O']","[0, 0, 0, 0, 0, 0, 0, 0, 1, 0, 0, 0, 0, 0, 0, 0, 0, 0, 0, 0, 0, 0, 0, 0, 0, 0, 0, 0, 0, 0, 0, 1, 0, 0, 0, 0, 0, 0, 0, 0]"
"Entre los tachos con fuego , permanecieron por horas los diferentes gremios , y entre todos los carteles y banderas colocados allí , uno sobresalía : `` 24 días sin cobrar '' .","['Entre', 'los', 'tachos', 'con', 'fuego', ',', 'permanecieron', 'por', 'horas', 'los', 'diferentes', 'gremios', ',', 'y', 'entre', 'todos', 'los', 'carteles', 'y', 'banderas', 'colocados', 'allí', ',', 'uno', 'sobresalía', ':', '``', '24', 'días', 'sin', 'cobrar', ""''"", '.']","['O', 'O', 'B-trigger', 'I-trigger', 'I-trigger', 'O', 'B-trigger', 'O', 'O', 'O', 'O', 'B-organizer', 'O', 'O', 'O', 'O', 'O', 'B-trigger', 'O', 'B-trigger', 'I-trigger', 'O', 'O', 'O', 'O', 'O', 'O', 'O', 'O', 'O', 'O', 'O', 'O']","[0, 0, 1, 1, 1, 0, 1, 0, 0, 0, 0, 0, 0, 0, 0, 0, 0, 1, 0, 1, 1, 0, 0, 0, 0, 0, 0, 0, 0, 0, 0, 0, 0]"
"Santa Cruz está en crisis y con los incidentes del viernes como telón de fondo , la gobernadora Alicia Kirchner denunció penalmente a los manifestantes que intentaron ingresar a su residencia y puso en duda la espontaneidad de la manifestación .","['Santa', 'Cruz', 'está', 'en', 'crisis', 'y', 'con', 'los', 'incidentes', 'del', 'viernes', 'como', 'telón', 'de', 'fondo', ',', 'la', 'gobernadora', 'Alicia', 'Kirchner', 'denunció', 'penalmente', 'a', 'los', 'manifestantes', 'que', 'intentaron', 'ingresar', 'a', 'su', 'residencia', 'y', 'puso', 'en', 'duda', 'la', 'espontaneidad', 'de', 'la', 'manifestación', '.']","['B-place', 'I-place', 'O', 'O', 'O', 'O', 'O', 'O', 'B-trigger', 'O', 'B-etime', 'O', 'O', 'O', 'O', 'O', 'O', 'B-target', 'I-target', 'I-target', 'O', 'O', 'O', 'O', 'B-participant', 'O', 'B-trigger', 'I-trigger', 'B-fname', 'I-fname', 'I-fname', 'O', 'O', 'O', 'O', 'O', 'O', 'O', 'O', 'B-trigger', 'O']","[0, 0, 0, 0, 0, 0, 0, 0, 1, 0, 0, 0, 0, 0, 0, 0, 0, 0, 0, 0, 0, 0, 0, 0, 0, 0, 1, 1, 0, 0, 0, 0, 0, 0, 0, 0, 0, 0, 0, 1, 0]"
"Además , los docentes y estatales habían desplegado cortes y piquetes en diferentes puntos de Río Gallegos como modo de protesta .","['Además', ',', 'los', 'docentes', 'y', 'estatales', 'habían', 'desplegado', 'cortes', 'y', 'piquetes', 'en', 'diferentes', 'puntos', 'de', 'Río', 'Gallegos', 'como', 'modo', 'de', 'protesta', '.']","['O', 'O', 'O', 'B-participant', 'O', 'B-participant', 'O', 'O', 'B-trigger', 'O', 'B-trigger', 'O', 'O', 'O', 'O', 'B-place', 'I-place', 'O', 'O', 'O', 'O', 'O']","[0, 0, 0, 0, 0, 0, 0, 0, 1, 0, 1, 0, 0, 0, 0, 0, 0, 0, 0, 0, 0, 0]"
En las calles se escucha una consigna reiterada : cobrar los sueldos .,"['En', 'las', 'calles', 'se', 'escucha', 'una', 'consigna', 'reiterada', ':', 'cobrar', 'los', 'sueldos', '.']","['B-fname', 'I-fname', 'I-fname', 'O', 'O', 'O', 'B-trigger', 'O', 'O', 'O', 'O', 'O', 'O']","[0, 0, 0, 0, 0, 0, 1, 0, 0, 0, 0, 0, 0]"
Los sindicatos estatales iniciaron la semana con una huelga general en repudio a los incidentes del viernes por la noche que dejó un saldo de tres heridos y destrozos en la residencia de la gobernadora .,"['Los', 'sindicatos', 'estatales', 'iniciaron', 'la', 'semana', 'con', 'una', 'huelga', 'general', 'en', 'repudio', 'a', 'los', 'incidentes', 'del', 'viernes', 'por', 'la', 'noche', 'que', 'dejó', 'un', 'saldo', 'de', 'tres', 'heridos', 'y', 'destrozos', 'en', 'la', 'residencia', 'de', 'la', 'gobernadora', '.']","['O', 'B-organizer', 'I-organizer', 'O', 'O', 'O', 'O', 'O', 'B-trigger', 'O', 'O', 'O', 'O', 'O', 'B-trigger', 'O', 'B-etime', 'I-etime', 'I-etime', 'I-etime', 'O', 'O', 'O', 'O', 'O', 'O', 'O', 'O', 'O', 'B-fname', 'I-fname', 'I-fname', 'I-fname', 'I-fname', 'I-fname', 'O']","[0, 0, 0, 0, 0, 0, 0, 0, 1, 0, 0, 0, 0, 0, 1, 0, 0, 0, 0, 0, 0, 0, 0, 0, 0, 0, 0, 0, 0, 0, 0, 0, 0, 0, 0, 0]"
"El día comenzó con más de 80 directivos de nivel inicial , primario y secundario realizando una entrega simbólica de las llaves de los establecimientos educativos .","['El', 'día', 'comenzó', 'con', 'más', 'de', '80', 'directivos', 'de', 'nivel', 'inicial', ',', 'primario', 'y', 'secundario', 'realizando', 'una', 'entrega', 'simbólica', 'de', 'las', 'llaves', 'de', 'los', 'establecimientos', 'educativos', '.']","['O', 'O', 'O', 'O', 'O', 'O', 'O', 'B-participant', 'O', 'O', 'O', 'O', 'O', 'O', 'O', 'O', 'O', 'B-trigger', 'I-trigger', 'I-trigger', 'I-trigger', 'I-trigger', 'O', 'O', 'O', 'O', 'O']","[0, 0, 0, 0, 0, 0, 0, 0, 0, 0, 0, 0, 0, 0, 0, 0, 0, 1, 1, 1, 1, 1, 0, 0, 0, 0, 0]"
"La imagen de llaves hechas en cartón , de diversos colores y tamaños en alto mientras los docentes gritaban `` queremos cobrar '' , fue la antesala de un lunes intenso .","['La', 'imagen', 'de', 'llaves', 'hechas', 'en', 'cartón', ',', 'de', 'diversos', 'colores', 'y', 'tamaños', 'en', 'alto', 'mientras', 'los', 'docentes', 'gritaban', '``', 'queremos', 'cobrar', ""''"", ',', 'fue', 'la', 'antesala', 'de', 'un', 'lunes', 'intenso', '.']","['O', 'O', 'O', 'B-trigger', 'I-trigger', 'I-trigger', 'I-trigger', 'O', 'O', 'O', 'O', 'O', 'O', 'O', 'O', 'O', 'O', 'B-participant', 'B-trigger', 'O', 'O', 'O', 'O', 'O', 'O', 'O', 'O', 'O', 'O', 'B-etime', 'O', 'O']","[0, 0, 0, 1, 1, 1, 1, 0, 0, 0, 0, 0, 0, 0, 0, 0, 0, 0, 1, 0, 0, 0, 0, 0, 0, 0, 0, 0, 0, 0, 0, 0]"
"Mientras que los gremios se manifestaron en diferentes puntos de Río Gallegos con cortes , piquetes y ollas populares , la fiscalía de Estado amplió la denuncia penal que el sábado presentó el gobierno de Kirchner por `` daños , atentado al orden constitucional , sedición y violación de domicilio ” .Quieren determinar quiénes fueron los responsables de “ atentar contra la integridad de las personas que se encontraban en la residencia y que actuaron con una violencia que no tenía límites ” .","['Mientras', 'que', 'los', 'gremios', 'se', 'manifestaron', 'en', 'diferentes', 'puntos', 'de', 'Río', 'Gallegos', 'con', 'cortes', ',', 'piquetes', 'y', 'ollas', 'populares', ',', 'la', 'fiscalía', 'de', 'Estado', 'amplió', 'la', 'denuncia', 'penal', 'que', 'el', 'sábado', 'presentó', 'el', 'gobierno', 'de', 'Kirchner', 'por', '``', 'daños', ',', 'atentado', 'al', 'orden', 'constitucional', ',', 'sedición', 'y', 'violación', 'de', 'domicilio', '”', '.Quieren', 'determinar', 'quiénes', 'fueron', 'los', 'responsables', 'de', '“', 'atentar', 'contra', 'la', 'integridad', 'de', 'las', 'personas', 'que', 'se', 'encontraban', 'en', 'la', 'residencia', 'y', 'que', 'actuaron', 'con', 'una', 'violencia', 'que', 'no', 'tenía', 'límites', '”', '.']","['O', 'O', 'O', 'B-organizer', 'O', 'B-trigger', 'O', 'O', 'O', 'O', 'B-place', 'I-place', 'O', 'B-trigger', 'O', 'B-trigger', 'O', 'B-trigger', 'I-trigger', 'O', 'O', 'O', 'O', 'O', 'O', 'O', 'O', 'O', 'O', 'O', 'O', 'O', 'O', 'B-target', 'O', 'B-target', 'O', 'O', 'O', 'O', 'O', 'O', 'O', 'O', 'O', 'O', 'O', 'O', 'O', 'O', 'O', 'O', 'O', 'O', 'O', 'O', 'O', 'O', 'O', 'B-trigger', 'O', 'O', 'O', 'O', 'O', 'O', 'O', 'O', 'O', 'B-fname', 'I-fname', 'I-fname', 'O', 'O', 'O', 'O', 'O', 'O', 'O', 'O', 'O', 'O', 'O', 'O']","[0, 0, 0, 0, 0, 1, 0, 0, 0, 0, 0, 0, 0, 1, 0, 1, 0, 1, 1, 0, 0, 0, 0, 0, 0, 0, 0, 0, 0, 0, 0, 0, 0, 0, 0, 0, 0, 0, 0, 0, 0, 0, 0, 0, 0, 0, 0, 0, 0, 0, 0, 0, 0, 0, 0, 0, 0, 0, 0, 1, 0, 0, 0, 0, 0, 0, 0, 0, 0, 0, 0, 0, 0, 0, 0, 0, 0, 0, 0, 0, 0, 0, 0, 0]"
"Junto al texto judicial presentado por Andrea Askenazi -ahora firma adjunta de la fiscalía- , se incorporó una captura de pantalla de las declaraciones del presidente , Mauricio Macri , y de una persona que la noche de los disturbios “ arengaba por las redes sociales '' .","['Junto', 'al', 'texto', 'judicial', 'presentado', 'por', 'Andrea', 'Askenazi', '-ahora', 'firma', 'adjunta', 'de', 'la', 'fiscalía-', ',', 'se', 'incorporó', 'una', 'captura', 'de', 'pantalla', 'de', 'las', 'declaraciones', 'del', 'presidente', ',', 'Mauricio', 'Macri', ',', 'y', 'de', 'una', 'persona', 'que', 'la', 'noche', 'de', 'los', 'disturbios', '“', 'arengaba', 'por', 'las', 'redes', 'sociales', ""''"", '.']","['O', 'O', 'O', 'O', 'O', 'O', 'O', 'O', 'O', 'O', 'O', 'O', 'O', 'O', 'O', 'O', 'O', 'O', 'O', 'O', 'O', 'O', 'O', 'O', 'O', 'O', 'O', 'O', 'O', 'O', 'O', 'O', 'O', 'O', 'O', 'O', 'B-etime', 'O', 'O', 'B-trigger', 'O', 'O', 'O', 'O', 'O', 'O', 'O', 'O']","[0, 0, 0, 0, 0, 0, 0, 0, 0, 0, 0, 0, 0, 0, 0, 0, 0, 0, 0, 0, 0, 0, 0, 0, 0, 0, 0, 0, 0, 0, 0, 0, 0, 0, 0, 0, 0, 0, 0, 1, 0, 0, 0, 0, 0, 0, 0, 0]"
"El gobierno santacruceño puso en duda , así , `` la espontaneidad '' de la manifestación y señaló a los móviles de `` Canal 13 , TN y América TV '' .","['El', 'gobierno', 'santacruceño', 'puso', 'en', 'duda', ',', 'así', ',', '``', 'la', 'espontaneidad', ""''"", 'de', 'la', 'manifestación', 'y', 'señaló', 'a', 'los', 'móviles', 'de', '``', 'Canal', '13', ',', 'TN', 'y', 'América', 'TV', ""''"", '.']","['O', 'B-target', 'I-target', 'O', 'O', 'O', 'O', 'O', 'O', 'O', 'O', 'O', 'O', 'O', 'O', 'B-trigger', 'O', 'O', 'O', 'O', 'O', 'O', 'O', 'O', 'O', 'O', 'O', 'O', 'O', 'O', 'O', 'O']","[0, 0, 0, 0, 0, 0, 0, 0, 0, 0, 0, 0, 0, 0, 0, 1, 0, 0, 0, 0, 0, 0, 0, 0, 0, 0, 0, 0, 0, 0, 0, 0]"
"Los judiciales con un acampe afuera del Tribunal Superior de Justicia hace 24 días , votaron nueve días de medida de fuerza , en una provincia que exige a Kirchner el funcionamiento de la salud , el inicio de clases y la reactivación de la justicia .","['Los', 'judiciales', 'con', 'un', 'acampe', 'afuera', 'del', 'Tribunal', 'Superior', 'de', 'Justicia', 'hace', '24', 'días', ',', 'votaron', 'nueve', 'días', 'de', 'medida', 'de', 'fuerza', ',', 'en', 'una', 'provincia', 'que', 'exige', 'a', 'Kirchner', 'el', 'funcionamiento', 'de', 'la', 'salud', ',', 'el', 'inicio', 'de', 'clases', 'y', 'la', 'reactivación', 'de', 'la', 'justicia', '.']","['O', 'B-participant', 'O', 'O', 'B-trigger', 'B-fname', 'I-fname', 'I-fname', 'I-fname', 'I-fname', 'I-fname', 'B-etime', 'I-etime', 'I-etime', 'O', 'O', 'O', 'O', 'O', 'O', 'O', 'O', 'O', 'O', 'O', 'O', 'O', 'O', 'O', 'B-target', 'O', 'O', 'O', 'O', 'O', 'O', 'O', 'O', 'O', 'O', 'O', 'O', 'O', 'O', 'O', 'O', 'O']","[0, 0, 0, 0, 1, 0, 0, 0, 0, 0, 0, 0, 0, 0, 0, 0, 0, 0, 0, 0, 0, 0, 0, 0, 0, 0, 0, 0, 0, 0, 0, 0, 0, 0, 0, 0, 0, 0, 0, 0, 0, 0, 0, 0, 0, 0, 0]"
"Mientras , los jubilados autoconvocados permanecen en el edificio de la Caja de Previsión Social reclamando por sus sueldos .","['Mientras', ',', 'los', 'jubilados', 'autoconvocados', 'permanecen', 'en', 'el', 'edificio', 'de', 'la', 'Caja', 'de', 'Previsión', 'Social', 'reclamando', 'por', 'sus', 'sueldos', '.']","['O', 'O', 'O', 'B-participant', 'O', 'B-trigger', 'B-fname', 'I-fname', 'I-fname', 'I-fname', 'I-fname', 'I-fname', 'I-fname', 'I-fname', 'I-fname', 'O', 'O', 'O', 'O', 'O']","[0, 0, 0, 0, 0, 1, 0, 0, 0, 0, 0, 0, 0, 0, 0, 0, 0, 0, 0, 0]"
Una olla popular puso fin a la concentración de los gremios que hoy tendrán una asamblea abierta a la comunidad .,"['Una', 'olla', 'popular', 'puso', 'fin', 'a', 'la', 'concentración', 'de', 'los', 'gremios', 'que', 'hoy', 'tendrán', 'una', 'asamblea', 'abierta', 'a', 'la', 'comunidad', '.']","['O', 'B-trigger', 'I-trigger', 'O', 'O', 'O', 'O', 'B-trigger', 'O', 'O', 'B-organizer', 'O', 'O', 'O', 'O', 'O', 'O', 'O', 'O', 'O', 'O']","[0, 1, 1, 0, 0, 0, 0, 1, 0, 0, 0, 0, 0, 0, 0, 0, 0, 0, 0, 0, 0]"
